,employer,estimated_salary,link,location,position_title
0,Société Conseil Groupe LGS,"$65,000 - $120,000 a year",/jobsearch/viewjob/B1WzUSCL08V4fHKqPSuVmt-ScDl3ugjlFPRlx2CYMnf7k03d9vyGxg?ak=data+science&l=,"— Montréal, QC",Architecte de solutions AI
1,Spin Master Ltd,"Estimated: $84,000 - $120,000 a year",/jobsearch/viewjob/CAV4qCvR7aX0DbTTtqlSuqAU6bQ88BTVsNid81YtcoZKZnKGWsohKA?ak=data+science&l=,"— Toronto, ON","Senior Manager, Data Science"
2,MSi Corp (Bell Canada),$60 - $70 an hour,/jobsearch/viewjob/vIutwtUUWteTuDjx9sbKUTlmnWNaZzGj04juNoBYIy0LkxIBiCjE7Q?ak=data+science&l=,"— Montréal, QC",Senior BI Manager
3,Yelp,"Estimated: $64,000 - $87,000 a year",/jobsearch/viewjob/yMpYOTSrFli_UUO9o5DHYfyVuYrsSRx3aTx_aZd48CduOt1CbXHRmQ?ak=data+science&l=,— Remote,Data Analyst (Remote)
4,LeapGrad Corp.,"Estimated: $48,000 - $67,000 a year",/jobsearch/viewjob/yY1D_g2NnZitlS5SYVFUPA06lqFwQ9JuqpeLZB4_MzGiyteMuuFJfw?ak=data+science&l=,"— Toronto, ON",Data Science Intern (New Grads) - Starts November 2020
5,RBC,"Estimated: $82,000 - $110,000 a year",/jobsearch/viewjob/5WvuKS8RHDHbPOUOgcp7UDpTmpdQAkt4z9PDhAUoAuoIV2GZ2Au8Jw?ak=data+science&l=,"— Toronto, ON",Data Analyst - AI
6,Cyber Chasse,"Estimated: $50,000 - $61,000 a year",/jobsearch/viewjob/w6XNjePOuHJPHdLV0DEbxGCA3_BkSPl7JZin0RjhCDLzW1hv6ZFc1Q?ak=data+science&l=,— Canada,Data Science
7,sgsco,"Estimated: $50,000 - $61,000 a year",/jobsearch/viewjob/z7kj74wHWhQjtgayJsHapZMnaCmfI4M6EZAp8-N1B8t4mjP-O1Ln5w?ak=data+science&l=,,Intern - Data Science
8,"Southern Graphics Systems, Canada Co.","Estimated: $77,000 - $110,000 a year",/jobsearch/viewjob/RFn7DKOFpLudLpBTkDvMR5Of6mV_bLm7fmFgCCX4eNoHVShF4_B4xg?ak=data+science&l=,"— Toronto, ON",Intern - Data Science
9,SNC-Lavalin,"Estimated: $76,000 - $100,000 a year",/jobsearch/viewjob/XbiAEWw-WC5S3bMadgwEeXJGHdv9ASKOATw8w0BAyEUc-CGW1qmM4g?ak=data+science&l=,"— Toronto, ON",Data Analyst
10,TD Bank,"Estimated: $76,000 - $100,000 a year",/jobsearch/viewjob/-othLWY66qlDAIcTa-DfOgQ6ho0nFL_ZQRWT6BfcAEg3bzeZ8UjhkA?ak=data+science&l=,,Sr Machine Learning Product Engineer (Layer 6)
11,"Cestar College of Business, Health & Technology","Estimated: $77,000 - $100,000 a year",/jobsearch/viewjob/mTQvZdMcrA3SWSanLDNmzO_NgLQd6zJcHGv3BIb0MfoBXkHpTnAgvw?ak=data+science&l=,"— Toronto, ON",Cloud Computing - Artificial Intelligence Instructor
12,Staffinity Inc.,"$80,000 - $120,000 a year",/jobsearch/viewjob/PNCfJkxcJmiXX4rgJJHYLg9kc3JewysBOvIpKHxY5vm5UxXxELy1sA?ak=data+science&l=,"— Toronto, ON",Data Scientist/Machine Learning Engineer
13,Hatch,"Estimated: $66,000 - $93,000 a year",/jobsearch/viewjob/2ixreIZfvZuCd_FNT745T17WciMoLkgnGjrPFl62F-2MnpufAcwZDA?ak=data+science&l=,"— Mississauga, ON",Data Scientist
14,Vineland Research and Innovation Centre,"Estimated: $66,000 - $93,000 a year",/jobsearch/viewjob/wbpuxx9V1EPM4zbTInoP-2V6eBNuZL-864rdjM4hmkZMuKM2LJ9M7g?ak=data+science&l=,,"Research Scientist, Robotics Machine Learning & Artificial Intelligence"
15,CI Investments Inc,"Estimated: $76,000 - $100,000 a year",/jobsearch/viewjob/acHVbeTd_qCLcmpeXYhWGNRCiPGzjths3aoQeVAt8RCeSlmkTSttjw?ak=data+science&l=,"— Toronto, ON",Data Scientist
16,OGGN Inc.,"Estimated: $87,000 - $120,000 a year",/jobsearch/viewjob/pagg-CAjNdgvu33dq6Y20-ZpdrZzXdhELxy7IMOJ4o6noCTthVYRqA?ak=data+science&l=,— Remote,Data Scientist (AI/ML)
17,TripStack,"Estimated: $64,000 - $85,000 a year",/jobsearch/viewjob/4_iIBjTY9-8gwUl7PcC3jZOC4VXKKRIl5w2GQG50ouyrI5DBeqqGsg?ak=data+science&l=,"— Toronto, ON",Data Scientist
18,Relay Medical Corp.,"Estimated: $45,000 - $58,000 a year",/jobsearch/viewjob/uWy5Rg1iTWxJw7RyPuP_vxuY5hyp33NPuzfm1ZWQmwOuhswQy7YDEA?ak=data+science&l=,"— Etobicoke, ON",Data Science / Machine Vision Intern
19,Sioux Lookout First Nations Health Authority,"Estimated: $45,000 - $58,000 a year",/jobsearch/viewjob/KSwV5TzOOwOW_s_SSW1R3oCMgYYvi5npwOpD1ayu1vyW3pcp8gUAhw?ak=data+science&l=,,Health Data Analyst – ACW
20,Gartner,"Estimated: $65,000 - $96,000 a year",/jobsearch/viewjob/Du-2uGmGPREWL7OthMT4Q0O0DynUYKd2_RebjgR-4wMOQ_QKobQaKw?ak=data+science&l=,"— Quebec City, QC","Specialist, Data Science and Machine Learning Development"
21,DNAstack,"Estimated: $67,000 - $97,000 a year",/jobsearch/viewjob/WSK4PmUonwGRVTCdKS3H9Q4_i8giiAtAsX1vwG4DtEIvcPooIMhFIQ?ak=data+science&l=,"— Toronto, ON",Genomics Data Science Lead
22,Indigo Park,"Estimated: $54,000 - $74,000 a year",/jobsearch/viewjob/u1HDJM62ivb1lR1kQAr3Ys53eNiYdrE3tfwpNA9D5MXYNXI9ydxM9Q?ak=data+science&l=,"— Toronto, ON",Data Scientist
23,Spin Master Ltd,"Estimated: $84,000 - $120,000 a year",/jobsearch/viewjob/CAV4qCvR7aX0DbTTtqlSuqAU6bQ88BTVsNid81YtcoZKZnKGWsohKA?ak=data+science&l=,"— Toronto, ON","Senior Manager, Data Science"
24,Wish,"Estimated: $79,000 - $110,000 a year",/jobsearch/viewjob/SYfI_unzBU3CY7uvAGuoeiTBV8wz2eAZKVm2c0t7dwrJdh6YOwfaWg?ak=data+science&l=,"— Toronto, ON",Data Scientist
25,Yelp,"Estimated: $67,000 - $85,000 a year",/jobsearch/viewjob/amcXVSGIqMtet8qhhtAX6IvHNJ-2LjJUSOxWveMXLukcqvZNPFiCmA?ak=data+science&l=,— Remote,Data Scientist (Remote)
26,Onstream Pipeline Inspection Services Inc.,"Estimated: $58,000 - $79,000 a year",/jobsearch/viewjob/wCEzOGk-MCQVLGXu5rLqYn5wjqmNV80R0pHyUufe5WG3We1ZaEmJ0w?ak=data+science&l=,"— Calgary, AB",Tethered Inspection Senior Data Analyst
27,,"Estimated: $77,000 - $98,000 a year",/jobsearch/viewjob/t7EpuxhA8Txag7j3YZocS1ST1vIhS2XCvUgIMzhy3_P4pJ2Q2VKKzA?ak=data+science&l=,"— Burnaby, BC",Cloud Data Analytics Engineer
28,BRP,"Estimated: $110,000 - $130,000 a year",/jobsearch/viewjob/klYEFmlkQ2DrgByGnnV4Y8vCShzAJNAA9I0b-zhQIlgDP3XI_URxvg?ak=data+science&l=,"— Montréal, QC",Head of Finance – Retail Operations & Marketing Analytics
29,Industry Training Authority,"$70,000 - $90,000 a year",/jobsearch/viewjob/Jx_eDLAyCW8V44VliUcTb-YrB05asYFH4jSin5STbji1D49d_Pc-ow?ak=data+science&l=,"— Richmond, BC",Research & Data Analyst
30,Maya Heat Transfer Technologies,"Estimated: $84,000 - $110,000 a year",/jobsearch/viewjob/AZaqAr2b_oGb-Qi1J1QUr1HqcQc6WnLtHjYYpwn6WZ16oEnMds_UVw?ak=data+science&l=,"— Montréal, QC",Data Analytics Account Manager
31,Prodigy Game,"Estimated: $58,000 - $83,000 a year",/jobsearch/viewjob/PSAS14yUFQckaeW0pS_t7948RZyfOWjNlDgQSEmXmcz8mFfXtMJRow?ak=data+science&l=,"— Oakville, ON","Applied Scientist, Revenue & Modelling"
32,Achievers,"Estimated: $90,000 - $120,000 a year",/jobsearch/viewjob/AxzuFD0EM4_VRZQdcU1aMzQLVfN-TB4Jlf2RufZ-5AHy5FAJSPq2kQ?ak=data+science&l=,"— Toronto, ON",Data Scientist
33,Exiger,"Estimated: $42,000 - $56,000 a year",/jobsearch/viewjob/KHKrdJfYSAqdUqQiTCnCDIcKKV8q1MONX0fkrrW_PuPx6izoMRONUw?ak=data+science&l=,"— Toronto, ON",Junior NLP Data Researcher
34,Lighthouse Labs,$30 - $50 an hour,/jobsearch/viewjob/1nLcoWmQRApmVEBJ3swRUEvZPH7PNBrtAQoKqxUwo_xK4lUUXubUDw?ak=data+science&l=,"— Toronto, ON",Remote PT Data Science Mentor
35,NorthOne,"Estimated: $75,000 - $110,000 a year",/jobsearch/viewjob/Q_PH7-4yWc42FADTwso8OgmXIn_8O1Dd_Qtn_TN4aYLhsoHpsKO0fA?ak=data+science&l=,"— Toronto, ON",Data Scientist
36,Napoleon Products,"Estimated: $62,000 - $90,000 a year",/jobsearch/viewjob/o9LPBlM9zPHeAf36sDxVx5WndSMSspQYOrUplt_Wgc1QiUyyqZjKmA?ak=data+science&l=,"— Barrie, ON",BI Data Analyst
37,Visual Defence Inc,"$45,000 - $55,000 a year",/jobsearch/viewjob/HBRcsGce9vz--_8ju-FicwLH9tJ2kVB1ra1qYGx1EGIWM7LjA_CjQQ?ak=data+science&l=,"— Richmond Hill, ON",Junior Data Scientist
38,QuadReal,"Estimated: $61,000 - $80,000 a year",/jobsearch/viewjob/6DWzSdip758tzuJmI9eDb-tdV-onIBMbCNiIw3eTenvbivwsx8mKNg?ak=data+science&l=,"— Toronto, ON","Intern, Data Scientist"
39,Bell Canada,"Estimated: $61,000 - $85,000 a year",/jobsearch/viewjob/EjW52B1ng8-YB7cAk_dpUMrJ3GvYh9bsLQjmKN4k2GhhANlIVY0qHQ?ak=data+science&l=,"— Montréal, QC","Developer, Machine Learning Engineering Python"
40,Prodigy Game,"Estimated: $46,000 - $67,000 a year",/jobsearch/viewjob/p7R4M7AQokJx6purQhVm8xrtuZfiDjvla3W2rexD21Xr9OD8QkMSCA?ak=data+science&l=,"— Oakville, ON","Data Scientist, Marketing & Web Analytics"
41,Just Order Enterprises Corp. (饭团),"Estimated: $61,000 - $82,000 a year",/jobsearch/viewjob/gFmgCJ1Ny3-Zsmvkzv_tOy0hhlc-_WlgM_wk36GeaXC2DzQKbZlb7g?ak=data+science&l=,"— Burnaby, BC",Data Scientist
42,PwC,"Estimated: $79,000 - $110,000 a year",/jobsearch/viewjob/7mr26AT3wfcBEVrvRaIsg8RVNr34ZtIhJ-C5Js2vr2gge8GSTBrmVQ?ak=data+science&l=,"— Toronto, ON","Analytics, Data Scientist, Associate"
43,Poros Career,"$48,000 - $55,000 a year",/jobsearch/viewjob/fqu-gJgG40C7DBSW8Z_2-OBwfM7AJiW-k9TGc1cqnNRasjK59hhnWw?ak=data+science&l=,"— North York, ON",Data Analyst
44,Laserbody M.D.,"Estimated: $58,000 - $75,000 a year",/jobsearch/viewjob/xIdCc3cqV-xVsp_jH1eqypR05AS-anIVeAiV4uvpNHfI845wGQS_Ag?ak=data+science&l=,"— Brampton, ON",Data Analyst – Business Intelligence & Analytics
45,Canadian Security Intelligence Service,"$89,000 - $110,000 a year",/jobsearch/viewjob/ZMqcuW8oBvyF0a6BSvcHFRRMoKWpnvTEACWoFMrWYOSrIDTYTz5tpw?ak=data+science&l=,"— Ottawa, ON",Data Scientist
46,Mastech InfoTrellis,"$60,000 - $110,000 a year",/jobsearch/viewjob/NJSamgMmSbsOGaf_wkPR5n4YlN0Z8RNRya3sMfoIm8hrvI8tTtaS7w?ak=data+science&l=,"— Ottawa, ON",Data Scientist
47,University Health Network,$56 an hour,/jobsearch/viewjob/J02IWsuzkiA_4Ok9Lyu3MNP0H1OjHP7FRqCZGV6uFNXdObFk7AEjhw?ak=data+science&l=,"— Toronto, ON","Project Manager, Data & Implementation Science"
48,nugget.ai,"Estimated: $76,000 - $100,000 a year",/jobsearch/viewjob/yeOUHPeKmF1HmT91bnSmfHM-d1TE1trttrwl3gwvmVPuC_D7CKmCgg?ak=data+science&l=,"— Toronto, ON",Data Scientist
49,TELUS,"Estimated: $75,000 - $100,000 a year",/jobsearch/viewjob/BZOuHSnXks2MtVY5zJ4R--ZZzREdsWcqZO6YyUlGStNMVx7HtwAQsw?ak=data+science&l=,"— Toronto, ON",Data Scientist
50,Overbond,"Estimated: $85,000 - $110,000 a year",/jobsearch/viewjob/zNKD87Z0xq1app-KICN6iNvgZs10ZYyrbDtMymoaF6tgtHzM-sWDTg?ak=data+science&l=,"— Toronto, ON",Data Scientist
51,Guestlogix,"Estimated: $54,000 - $79,000 a year",/jobsearch/viewjob/QqPkvugBNU54KfpSSQ7PmJVasHPjrAsWdv37ytCu5F0i25iieL3lAg?ak=data+science&l=,— Remote,Data Scientist
52,Uberflip,"Estimated: $72,000 - $96,000 a year",/jobsearch/viewjob/t3WshXOXink9LAghIOmLLZ9VuhNb3gPHwHZOW4_g6_Ae3pGMtd3FaQ?ak=data+science&l=,"— Toronto, ON",Data Science Manager
53,Traffic Tech Inc.,"Estimated: $57,000 - $83,000 a year",/jobsearch/viewjob/yLzUTjQ1uPr1j7DRhpHoZSlukMSa4TLDzgdDRMV8mgKAv89IqlYnyg?ak=data+science&l=,"— Mississauga, ON",Data Scientist
54,Gannett,"Estimated: $62,000 - $88,000 a year",/jobsearch/viewjob/jh1v82fyyi1xYhhgti-6jPvtWG26TW7SnVWMKP-8PocgExwS3QGDcQ?ak=data+science&l=,"— Toronto, ON",Data Scientist
55,La Capitale,"Estimated: $62,000 - $88,000 a year",/jobsearch/viewjob/5HX4WLRouqxSv0IvT4FR2yBI14fOVIs0sOIzw-HSFvQYV5nZ1dwCIg?ak=data+science&l=,,Directeur principal analytique avancée et intelligence artificielle
56,LGS-IBM Centre innovation client Montréal,"Estimated: $62,000 - $88,000 a year",/jobsearch/viewjob/WoPvuHm5nGB5CmjJmSnPAm2d5a2nQaGwH0ds_vG4IkWncgjRRt6GKg?ak=data+science&l=,,Événement recrutement virtuel : Architecte de Solutions IA / AI Solution architect
57,Reconnect Community Health Services,$17 an hour,/jobsearch/viewjob/kHWaWTWY8KAi7te5ZQyhR-Mllm_EjmwPHS8x-UGVxOj3ZquKNLXj7w?ak=data+science&l=,"— Toronto, ON",Decision Support Junior Analyst
58,Cofomo Inc.,$17 an hour,/jobsearch/viewjob/qf81YNy-ItxoQWRzYw3sxxrm9Aggq_cn0WFr2isTO4lJqET4YSYUkw?ak=data+science&l=,,"Scientifique de données, Analytique – Big Data"
59,AU-ZONE TECHNOLOGIES INC.,"Estimated: $98,000 - $140,000 a year",/jobsearch/viewjob/XBdYtsQk5KvWOvqE41U2fSdCR0l1hGTAqFsy3myyYxpk2eSMqjn-Aw?ak=data+science&l=,"— Calgary, AB",Full Stack Lead (Machine Learning) ID388
60,Sun Life Financial,"Estimated: $98,000 - $140,000 a year",/jobsearch/viewjob/9e2oyfpCCMdoKx8bl5g_Ynlvk84x74C9xEJ7K3yRzOg2ZCSfpOdULg?ak=data+science&l=,,Senior Data Scientist
61,University of Toronto,"Estimated: $76,000 - $100,000 a year",/jobsearch/viewjob/sTLBIgVptdGgIsUYMrcQsrY6FSPq1VnOK2jMlvrHkC7uX4xqJDUKjA?ak=data+science&l=,"— Toronto, ON",Assistant Professor - Data Science Computation
62,The University of Calgary,"Estimated: $70,000 - $99,000 a year",/jobsearch/viewjob/J3Vv6b5IKru4kdNdLacBchjx-mcenULFy-bsZhOHkmsh-Vr634Af6Q?ak=data+science&l=,"— Calgary, AB","Software and Data Systems Developer, Department of Physics and Astronomy, Faculty of Science"
63,Acensi SAS,"Estimated: $62,000 - $83,000 a year",/jobsearch/viewjob/NDQj_1kYRICfuPHNAD7dbUPbCX2uLA8t48Oo3lnd2yGw2vFgYjY2cQ?ak=data+science&l=,"— Bruxelles, MB",Data Scientist (F/M/X)
64,Compass Digital Labs,"Estimated: $56,000 - $73,000 a year",/jobsearch/viewjob/I0gGkz6d2k_Z7MTXG7zH7VPB-YiWC8tsiVzAI-VG3FJLMEpYfrMu6w?ak=data+science&l=,"— Mississauga, ON",Data Scientist (Decision Science)
65,Hopper,"Estimated: $96,000 - $140,000 a year",/jobsearch/viewjob/_WeK8DUoireG97-RHoGF0G5zeGahSliwC5Pno2xjbSe4UxWXWZUbMw?ak=data+science&l=,"— Toronto, ON",Data Scientist - Lodging Team
66,Advanced Analytics and Research Lab,"$65,000 - $160,000 a year",/jobsearch/viewjob/t79NMn-rB-4DNTh6V9CwXJvsaE9OMiPpkV7zF_gizjSKF0t1DmMImg?ak=data+science&l=,"— Toronto, ON",Analytics Consultant
67,shopkick,"Estimated: $73,000 - $100,000 a year",/jobsearch/viewjob/eX7ES72a6F3kTp1vHmBT56LTyYoWJXAmf6qRvlJvwTgO4weRh50l6A?ak=data+science&l=,"— Toronto, ON",Data Scientist
68,Prodigy Game,"Estimated: $48,000 - $64,000 a year",/jobsearch/viewjob/Rsoz3ImdYqZ5T3g_Rj7sxUCbGgSqh0xIZQvIiSd7Tg5lYkd65YM6eA?ak=data+science&l=,"— Oakville, ON","Data Scientist, Sales & Customer Success"
69,Prodigy Game,"Estimated: $59,000 - $84,000 a year",/jobsearch/viewjob/n_naEqgV-dBpRZM4Jk4t84g3id7NQn6W1jEKxRjFlmyVJuVx1Vksiw?ak=data+science&l=,"— Oakville, ON","Data Engineer, Game"
70,Cofomo Inc.,"Estimated: $59,000 - $84,000 a year",/jobsearch/viewjob/EM8Liz7p7cXAYldVEAEAw8VhDrOGZRs4i9vEMpi45sCIeCPOcp2Waw?ak=data+science&l=,,Spécialiste en science de données
71,ASSURANCE,"Estimated: $85,000 - $110,000 a year",/jobsearch/viewjob/-MbrYIzOqlT1pRpEYLwB58BQvpJiZ8i6e1s8byYX28nAq0jBvaXO5A?ak=data+science&l=,"— Toronto, ON",Data Scientist
72,SOFTGAMES,"Estimated: $48,000 - $65,000 a year",/jobsearch/viewjob/QqByo09p-m2kKHcUBblIwLXlqjnCim1_U_z0agW696DV7kMFhAP-uA?ak=data+science&l=,— Remote,Game Data Analyst
73,Veeva Systems,"Estimated: $67,000 - $95,000 a year",/jobsearch/viewjob/kb0g79YjFZYjIIuuBcwSwFncDN3uRshL2ERROGIs008t2b2yAhhRqQ?ak=data+science&l=,"— Toronto, ON",Data Scientist (Remote)
74,SomaDetect,"Estimated: $71,000 - $97,000 a year",/jobsearch/viewjob/MpwtvUt8l9L3864S9fDpIrJzZnCHrBGgmeulU30JCiAug9D0Q19-KA?ak=data+science&l=,"— Toronto, ON",Data Science Team Manager
75,Zynga,"Estimated: $56,000 - $73,000 a year",/jobsearch/viewjob/qYm5emr_ZZlZ22FaZIjkBBa4OY9sKe6FOweDoF9g466bgKAeaWTRFQ?ak=data+science&l=,"— Toronto, ON",Data Analyst II
76,SevOne,"Estimated: $77,000 - $100,000 a year",/jobsearch/viewjob/V1i_7_mKGzzX9qoTDEYUz_EujuTV7dhCAlPn0K2BHToTdU7JVVdm2w?ak=data+science&l=,— Remote,Senior Data Scientist
77,Critical Mass,"Estimated: $62,000 - $79,000 a year",/jobsearch/viewjob/VRtP6zfgaxpHw9pOkTnfBzYWh4o1qPxm-ShbL5-0ji_PxviOd75_CQ?ak=data+science&l=,"— Toronto, ON",Marketing Science Analyst - Data Strategy
78,Hopper,"Estimated: $65,000 - $88,000 a year",/jobsearch/viewjob/qnq8MBT46NoUUd4DV9JwviZteLcTloOf70Et7wAfmhcsCgKKzkOXaQ?ak=data+science&l=,"— Toronto, ON",Data Analyst
79,Loblaw Companies Limited,"Estimated: $95,000 - $130,000 a year",/jobsearch/viewjob/8yRwLilMNWB7M6SyrXkpN6oOowMSTUEYPv6xfFsCesUSknh8xyBvGw?ak=data+science&l=,"— Brampton, ON","Director, Data Science"
80,thinkCOMPASS,"Estimated: $63,000 - $80,000 a year",/jobsearch/viewjob/8mBoLpyVkwwGg-lqI9SypDzM-GMO0S7kSJiQzxxRbYlCnwJ4FPdNfg?ak=data+science&l=,"— Vaughan, ON",Data Scientist
81,Juno College,"Estimated: $63,000 - $80,000 a year",/jobsearch/viewjob/LwX_qPSN3z9-v7liOpBa2oAvtZveXKyGEGRGaaiMgwMLQZu8xwCVOg?ak=data+science&l=,,"Lead Educator, Data Science"
82,Xanadu Quantum Technologies Inc.,"Estimated: $76,000 - $99,000 a year",/jobsearch/viewjob/ObtCBVcptHKfX7CRYox364S1npCejScFEb_CFXV2EU4Te265Xv2xtA?ak=data+science&l=,"— Toronto, ON",Machine Learning/Data Engineer
83,Acerta Analytics Solutions Inc,"$90,000 - $100,000 a year",/jobsearch/viewjob/sQDa2VpMcMoxMBScuSr7pJaceJMnUr4eRz9Q8HMila2L2vRMoB3Uhw?ak=data+science&l=,"— Kitchener, ON",Data Scientist
84,Michael Page CA,"Estimated: $78,000 - $110,000 a year",/jobsearch/viewjob/Fq3v3kR54y2pHjg6_53b5JnbvXwwm_EpnCsHWFWVM9nAoJ_JkV4eCg?ak=data+science&l=,"— Toronto, ON",Principle Machine Learning Engineer
85,Canadian National Railway,"Estimated: $78,000 - $110,000 a year",/jobsearch/viewjob/5afqkBMZmjMKnUJHSaL50wI0IWAPdyUFbhAnFevchPYCiZa4EcTgpw?ak=data+science&l=,,"Spécialiste du développement de logiciels, du Machine Learning et Visual Analytics"
86,AU-ZONE TECHNOLOGIES INC.,"Estimated: $68,000 - $99,000 a year",/jobsearch/viewjob/4X8kSiCqlbR16kBL2n5IeInfv_xGp16dVwslK5NargU5TmxqTqKYqg?ak=data+science&l=,"— Calgary, AB",Application Engineer (Machine Learning) ID395
87,CyberCoders,"$140,000 - $160,000 a year",/jobsearch/viewjob/fOlVxaqn4p8k8w_KVYTS3fIf_TuMWw6w6P9ojMOwMxJ64C_3isO4zA?ak=data+science&l=,"— Kitchener, ON",Software Development Manager (AI Platform / Backend)
88,Chata Technologies Inc,"Estimated: $64,000 - $89,000 a year",/jobsearch/viewjob/oLoxzPanD1_5ZXchUQ723gz6G0h1GtNlkN9Y7yrOp4YlVZcc2oSODw?ak=data+science&l=,"— Calgary, AB",Data Scientist - NLP
89,Canadian National Railway,"Estimated: $64,000 - $89,000 a year",/jobsearch/viewjob/_4vdaU8Ja9QVCJbxqnZdh5YY2fS-QYMvBjFZb7zhkqYKuQzrOhO8Dw?ak=data+science&l=,,"Spécialiste, System Design, Data Scientist Machine Learning and Visual Analytics"
90,Restaurant Brands International,"Estimated: $81,000 - $110,000 a year",/jobsearch/viewjob/nNAT34tn6n9oEaN0esYrd5Jgvwwggv1wogRr8YLPJk-Txy-I43pW-w?ak=data+science&l=,"— Toronto, ON","Data Scientist, People Analytics"
91,Points International,"Estimated: $75,000 - $100,000 a year",/jobsearch/viewjob/zjnIc_7c7YYuch777D9HhQwKWqkrb9wG_qVU-H8zPw7lw1Rf4TSEEA?ak=data+science&l=,"— Toronto, ON",Data Scientist
92,Chisel AI,"Estimated: $47,000 - $66,000 a year",/jobsearch/viewjob/8AaeOsvg9tRhNir3dgdbrd5ChC5w9XNlZQ9VAtkFi1FSCSPcQY62bw?ak=data+science&l=,"— Toronto, ON",I'd love to work at Chisel AI!
93,SomaDetect,"Estimated: $68,000 - $94,000 a year",/jobsearch/viewjob/Hjpj_QnczO70frX9uBbmfWb9rncP-GfGdISkQ5QCHpgV5LXUasUfZw?ak=data+science&l=,— Quebec Province,Data Science Team Manager
94,RBC,"Estimated: $55,000 - $77,000 a year",/jobsearch/viewjob/cdk3lkakBSLYD-vCU-lC_XdirUec3Dyc3fRO_XdvVEhh7zbYefr1IA?ak=data+science&l=,"— Toronto, ON",Artificial Intelligence Engineer
95,RPS Real Property Solutions Limited,"$65,000 - $85,000 a year",/jobsearch/viewjob/YrTS7AMFWOOuSDLLtc61OEi45jdoqQLn66GCF447mu0vrPX_b03OEA?ak=data+science&l=,"— Toronto, ON","Senior Analyst, Data & Analytics"
96,BMO Financial Group,"Estimated: $100,000 - $140,000 a year",/jobsearch/viewjob/uMyhFNXHOlEfXyqAGI6_xKcuxa00acurTA0fhPadHQrUrVOLPWKzow?ak=data+science&l=,"— Toronto, ON",Senior Data Scientist
97,Dean Group,"Estimated: $87,000 - $110,000 a year",/jobsearch/viewjob/pgjTeCforHeis9sa7JpF91UZIYya3AY1wjlZdIQRQx19yt2EnvQM6w?ak=data+science&l=,"— Toronto, ON",Machine Learning Engineer
98,Songistry,"Estimated: $41,000 - $55,000 a year",/jobsearch/viewjob/3QSASpjWPifODEYTiNAB6J8ywx1sABhAjKp1h1Cll43NiZWuWf9Enw?ak=data+science&l=,"— Edmonton, AB",Social Media Marketing Expert (Global Music AI Platform)
99,Facebook,"Estimated: $41,000 - $55,000 a year",/jobsearch/viewjob/wZCYongrTiPnLS2raV_9S9RgRvWR3Q3JsA413ThzowZkFboGi-fjmw?ak=data+science&l=,,"Visiting Researcher, Artificial Intelligence"
100,The Globe and Mail,"Estimated: $82,000 - $120,000 a year",/jobsearch/viewjob/S6aiNrbjJNkx2J7qMOUAaqhDEkqD3RlCVQRt16VAyQNb4Ndn5EaCYw?ak=data+science&l=,"— Toronto, ON",SENIOR DATA SCIENTIST
101,Perennial Inc.,"$69,000 - $85,000 a year",/jobsearch/viewjob/XpqitlpA1v9OAQFWAt3N_rFOeIkHerdBcTM7-NiaI41xQWIyeOr33w?ak=data+science&l=,"— Bolton, ON",Data Scientist
102,Praemo,"Estimated: $80,000 - $110,000 a year",/jobsearch/viewjob/OyJWyksoxo9-YnSlA47Bnkaxtyblq4lwgBSOp9vAkoT-6VSQRB9vig?ak=data+science&l=,"— Kitchener, ON",Data Scientist
103,The Globe and Mail,"Estimated: $76,000 - $100,000 a year",/jobsearch/viewjob/g4UIk0Mo_Qx-t92SUv8SCKk0mwLePZWkqizHjkgIWIMoDhS9oblzBA?ak=data+science&l=,"— Toronto, ON",SCRUM MASTER (DIGITAL & DATA SCIENCE)
104,Deloitte,"Estimated: $100,000 - $140,000 a year",/jobsearch/viewjob/q-LSSEHcfep0I72kYo1jAtxDYYX_3iR3FXIHbMEjGnnKKogglDQ9qg?ak=data+science&l=,"— Toronto, ON","SAP - Data & AI Specialist, Omnia AI"
105,RBC,"Estimated: $100,000 - $140,000 a year",/jobsearch/viewjob/oEjGRC9J-y1xO4bQAnl_PIwFIc8Ng4Ca5bezrvJMhUaOkzr2bKLMuQ?ak=data+science&l=,"— Toronto, ON","Director, Data & Analytics COE"
106,MindBeacon,"Estimated: $94,000 - $120,000 a year",/jobsearch/viewjob/e6eouUCua2p6grsGu_jlgN2D5eYqG34dC5DEYewaFZPScTCWP9GETg?ak=data+science&l=,"— Toronto, ON",Data Analyst - Senior level
107,Geotab,"Estimated: $53,000 - $74,000 a year",/jobsearch/viewjob/l9RGCNE-N7_ctN3niG8lvXpnaffSOd4xpSMDZPKLFcsNX0V6JudvgA?ak=data+science&l=,"— Oakville, ON",Data Scientist
108,Scotiabank,"Estimated: $53,000 - $74,000 a year",/jobsearch/viewjob/xOaSUg7C4_Dl8any-yckovmjp4xfdh3JKG6ZkevWBhF7Qufro6UtBQ?ak=data+science&l=,,VELOCITY- Data Analytics Engineer
109,QUESTRADE INC,"Estimated: $67,000 - $92,000 a year",/jobsearch/viewjob/GSnyJczgsbhXl7dayMavMw30VeEOwvKHMRcT0nyajjGnFvECfude7Q?ak=data+science&l=,"— Toronto, ON","Data Scientist, Advanced Analytics"
110,IQVIA,"Estimated: $50,000 - $64,000 a year",/jobsearch/viewjob/0IAe6G4inJ5jacX5cMUFD9P8lxK-07hOYOHbASqJVTsMHVn2aiGVxg?ak=data+science&l=,— Ontario,Clinical Trials Data Analyst
111,"LotusFlare, Inc.","Estimated: $72,000 - $94,000 a year",/jobsearch/viewjob/NDyaG4eeq2Ku55MeizXX19w8ZDXtSexI9OBd6qg42_V44DT7RQ3E3Q?ak=data+science&l=,"— Toronto, ON",Data Scientist / Engineer
112,Critical Mass,"Estimated: $59,000 - $75,000 a year",/jobsearch/viewjob/p0VdcluyTwSPnmws7992WwW3useAkXIqEPPfI6O90zAvaqjIzt1AHQ?ak=data+science&l=,"— Toronto, ON",Marketing Science Analyst - Data Engineering
113,SkyHive Technologies Inc.,"Estimated: $75,000 - $100,000 a year",/jobsearch/viewjob/DCO5PIWyW1ByrUc0_AETpDNigtJ7SnVJ1aAVaYCwyVUx6BWkk8flSg?ak=data+science&l=,"— Vancouver, BC",Machine Learning Engineer
114,Canadian National Railway,"Estimated: $82,000 - $100,000 a year",/jobsearch/viewjob/7FokQK0zWv0IsvSNWlPlUwQRN9hS78Ms181xa7L0jHF-1o0Fo-XeCA?ak=data+science&l=,"— Montréal, QC",Data Scientist
115,Facebook,"Estimated: $82,000 - $100,000 a year",/jobsearch/viewjob/4t3-_13QR2wc6Et_5vGaSAxy5Zq8wCO2qVmc3wNPGwiv478IwchGSg?ak=data+science&l=,,"Research Scientist, AI"
116,Facebook,"Estimated: $83,000 - $100,000 a year",/jobsearch/viewjob/g9aKhKKgcantP1mwIIYaZqs2O5MYjWz7r7onzA682mYrc5uflj6Q9g?ak=data+science&l=,"— Montréal, QC","Software Engineer, AI"
117,Songistry,"Estimated: $56,000 - $75,000 a year",/jobsearch/viewjob/rqgu6NqiG_ZcUCki82e0okIYG1KoCj4vTL5QwpXeFkbIPJdhWHn7iQ?ak=data+science&l=,"— Edmonton, AB",Customer Experience Expert (Global Music A.I Platform)
118,Benevity,"Estimated: $120,000 - $160,000 a year",/jobsearch/viewjob/F0BAKY7L8wQ4b-FDCxzaLDu7la8t7ZqP2r7TzaHVE-MmP8s2ZPrnAw?ak=data+science&l=,"— Toronto, ON","VP, Analytics & Insights"
119,SkipTheDishes,"Estimated: $75,000 - $93,000 a year",/jobsearch/viewjob/QX0812M5rT9yoTeNwShvRi6Qzg664DHfUS6NqiEZ6RqJpr5GqpFbWg?ak=data+science&l=,"— Winnipeg, MB",Data Scientist
120,Intact,"Estimated: $75,000 - $93,000 a year",/jobsearch/viewjob/LYMse7xRy82dHx8iygm1ugd606SqNU6ehifXvDH6qQoYFApVt_Iqcw?ak=data+science&l=,,"Senior Data Scientist (Toronto), Intact Lab"
121,Hach,"Estimated: $66,000 - $93,000 a year",/jobsearch/viewjob/BgPaUqmbL5aWl1UH0o_nkjxJLZdmCfBJKbz1XU_4ublMQY1aImQlZg?ak=data+science&l=,"— Vancouver, BC",Data Science Co-op
122,Exiger,"Estimated: $69,000 - $90,000 a year",/jobsearch/viewjob/dtaiqC9ge0V4aW7aC9NIn2gRF-eT9CpPr4hmBpCpIc9eQiwFr2kWNg?ak=data+science&l=,"— Toronto, ON",Tech - Data Analyst
123,CGI,"Estimated: $76,000 - $95,000 a year",/jobsearch/viewjob/nUv-Iprira5_Vh73wFK_YLKPf915u5TgE54iVjxPiK-fp0GiqVd6hA?ak=data+science&l=,"— Sherbrooke, QC",Data Scientist
124,TC Transcontinental,"Estimated: $70,000 - $89,000 a year",/jobsearch/viewjob/MVbsy9y_APjNS3lFJWRWzWE3Yvnh93i_B6EZGXHbHezgi0iHTHOqYg?ak=data+science&l=,"— Brampton, ON",Data Scientist
125,Cerebri AI,"Estimated: $59,000 - $84,000 a year",/jobsearch/viewjob/UmPBtqSbd1NrXRDhZFMPEtYVUaJ7mZfOc2L6hBPvVX3chGko226_Uw?ak=data+science&l=,"— Toronto, ON",Data Scientist
126,Parexel,"Estimated: $70,000 - $90,000 a year",/jobsearch/viewjob/ucQcop11JVQlDgaDrVXvq9JkrnlfL_rlTkNkYsfs_rAMBRC43bm-3w?ak=data+science&l=,— Canada,Senior/Principal Statistical Programmer
127,Prodigy Game,"Estimated: $53,000 - $66,000 a year",/jobsearch/viewjob/x25HEPcN5AflcLWRjGj1yDd7crhRLBuzjPMSG8PJzWZgaBt-4KWglA?ak=data+science&l=,"— Oakville, ON","Data Scientist, Game"
128,WilsonHCG,"Estimated: $75,000 - $97,000 a year",/jobsearch/viewjob/OzN6ZGmSGMumS8wbLbx0nTucp9OeTZ97PsIcwwvkkoBVNBobagIbBQ?ak=data+science&l=,"— Vancouver, BC",Sr. Data Analyst
129,BrainStation,"Estimated: $62,000 - $85,000 a year",/jobsearch/viewjob/8lhRYYvdjGEh0A9L-Qhg2zc3UHLtU7MekrT0Rjsss6JDR-PWQlUbGg?ak=data+science&l=,"— Toronto, ON","Associate Educator, Data Scientist"
130,"AMZN CAN Fulfillment Svcs, ULC","Estimated: $62,000 - $85,000 a year",/jobsearch/viewjob/ikwXYBjTMmY7S_tK4o1Wgel06TtAiX-o6Y18aUwfMeB8cga6HK15Hw?ak=data+science&l=,,Data Scientist
131,Prodigy Game,"Estimated: $59,000 - $84,000 a year",/jobsearch/viewjob/n_naEqgV-dBpRZM4Jk4t84g3id7NQn6W1jEKxRjFlmyVJuVx1Vksiw?ak=data+science&l=,"— Oakville, ON","Data Engineer, Game"
132,Wellington-Altus Private Wealth,"Estimated: $66,000 - $89,000 a year",/jobsearch/viewjob/wW2wt9Q6p0pFH7iqtR8QihzRgaJtQqL4QnX4LqE5xGuxYSYZIMbDQg?ak=data+science&l=,"— Winnipeg, MB",Data Analyst
133,Paige,"Estimated: $52,000 - $68,000 a year",/jobsearch/viewjob/ULvtzYMZIuB93RgEhmSoGjt3o2GB3lTx6tbRqkuIbgaCV80ElVl_mg?ak=data+science&l=,— Ontario,AI Scientist
134,Genworth Canada,"Estimated: $75,000 - $110,000 a year",/jobsearch/viewjob/0UdxW2NN1ODGciQ0KchqVFoHUmuLbjFjO3A04WcNSV7Ek3_wKejeMQ?ak=data+science&l=,"— Oakville, ON",Data Scientist
135,Crescendo Technology,"Estimated: $94,000 - $120,000 a year",/jobsearch/viewjob/yRGzAt4STxJt5-M3uExTgNl0M_qnJOMNG3SFL_UBzW0j92lS91MFXA?ak=data+science&l=,"— Toronto, ON",Machine Learning Engineer/Data Scientist
136,Critical Mass,"Estimated: $110,000 - $150,000 a year",/jobsearch/viewjob/4FhqI6KckmYeqFmlFxoZzkGBao-yW-01YiM5RN8nBeEkcedOcDFdDA?ak=data+science&l=,"— Toronto, ON","Marketing Science Director, Data Innovation"
137,Loopio,"Estimated: $72,000 - $96,000 a year",/jobsearch/viewjob/w8zRupr6O7VuHk1-ZdLLzBoyAdHkLUUwQeQ4oULaPnXfnqIBompbyg?ak=data+science&l=,"— Toronto, ON",Data Scientist
138,TD Bank,"Estimated: $72,000 - $96,000 a year",/jobsearch/viewjob/JbDMXe09DVwgulK5eSxMRE1PqAix2aOwdtF-1AfIKczuMFnQFEv_XQ?ak=data+science&l=,,"Senior Analyst, Campaign Analytics & Insights"
139,Oracle,"Estimated: $81,000 - $110,000 a year",/jobsearch/viewjob/0etwNeLw5zLBf3uNir2taWh4u1GwcMnASLV2R_Ft8eG-mZX9advQvQ?ak=data+science&l=,"— Kitchener, ON",Data Scientist
140,A4 Systems Corporation,"$78,000 - $120,000 a year",/jobsearch/viewjob/hGc1KfA0hIdPRWdRz-s0rhzkZeACZZoVcmOD2Li6Lg3f9LDyMSrewQ?ak=data+science&l=,"— Calgary, AB",Data Scientist
141,Scarsin,"Estimated: $61,000 - $85,000 a year",/jobsearch/viewjob/34jHLQVvwThWK97sQA4pIbscFIZgXbZL6ImJEJ5WZ8ssb8Mqxj3CWQ?ak=data+science&l=,"— Markham, ON",Data Scientist/Time Series
142,Canadian National Railway,"Estimated: $71,000 - $99,000 a year",/jobsearch/viewjob/WFEo6XyU-BWVVOYqOm2a_UrQn5NtYxwbJYR3Dj4xOlmywl52vkcbOA?ak=data+science&l=,"— Montréal, QC","Specialist System Design, Data Scientist Machine Learning and Visual Analytics"
143,International Financial Group,"Estimated: $71,000 - $99,000 a year",/jobsearch/viewjob/tnPMn7wl2iENq2ClhsmB36mUIqpaOyBnbdInaO-SZg2EFDvnb3siOQ?ak=data+science&l=,,Conversational AI Software Developer
144,International Financial Group,"Estimated: $71,000 - $99,000 a year",/jobsearch/viewjob/gzo8yCL7fNqIMZ_Sn5Mh82syInpB2NNj2PFxrEZjnXIc2blMkpFebg?ak=data+science&l=,,Data Analyst
145,Canadian National Railway,"Estimated: $79,000 - $110,000 a year",/jobsearch/viewjob/plIQotE3EJm_O4Xd_Gp0uWGPrDHmgC0n4dGSoV1-noGCjq_8dZa8aQ?ak=data+science&l=,"— Montréal, QC","Specialist Software Development, Machine Learning and Visual Analytics"
146,Client Of Emergitel,"Estimated: $58,000 - $83,000 a year",/jobsearch/viewjob/I4gBruu5mXbRbfQZtTvh6-7nL9hdG0mkLNKB3rln60wRXXSNPzwmig?ak=data+science&l=,"— Montréal, QC",Data Analyst (SQL/Python/AI)
147,BTA Design Services,"Estimated: $69,000 - $89,000 a year",/jobsearch/viewjob/Jnik2tK2Z2KONNrUVYO4M1ZCHXrGpZOvcHZ9We2KjPzW9l-jQsM2jw?ak=data+science&l=,"— Ottawa, ON","Embedded Software Designer: Machine Learning, Computer Vision, ADAS"
148,RBC,"Estimated: $130,000 - $170,000 a year",/jobsearch/viewjob/RqCGSg0sAA5Ayk2Y2C7pWBbq7V6uFzftISIMvr2S2YlgAXni_5hQyg?ak=data+science&l=,"— Toronto, ON",Director - AI Engineering
149,Facebook,"Estimated: $56,000 - $73,000 a year",/jobsearch/viewjob/QB6yfmEop-akTsYCoPrrbyDbVwySn5VONyeeYu6vkNNsk6iL6Dh9JQ?ak=data+science&l=,— Remote,"Research Intern, Artificial Intelligence"
150,Intact,"Estimated: $56,000 - $73,000 a year",/jobsearch/viewjob/2mWct28rs8CbfnaZOED1wxwbMcFBOC5HJtoZrjiiKIe3HKZgm9Aw5g?ak=data+science&l=,,"Senior Data Scientist (Quebec City), Intact Lab"
151,7D Surgical,"Estimated: $59,000 - $83,000 a year",/jobsearch/viewjob/hDSg0q6Gnqzzdti1y03N8MilMsqRYdoChip9HRILGKZA2I8DSiunYA?ak=data+science&l=,"— Toronto, ON",Data Analyst Intern
152,Just Energy,"Estimated: $77,000 - $110,000 a year",/jobsearch/viewjob/0rdB2xCv2sm1tcpsO5i17F_SSwi5TiielCCdzJWd05fL-Phyvu7YqA?ak=data+science&l=,"— Toronto, ON",Data Scientist
153,McAfee,"Estimated: $63,000 - $85,000 a year",/jobsearch/viewjob/p9nirjD9RSBLvbPt4PGCh-1wUZDbW0pQLAgHmdKnpahDVIkIf-kqKQ?ak=data+science&l=,"— Waterloo, ON",Data Scientist
154,Circle,"Estimated: $67,000 - $93,000 a year",/jobsearch/viewjob/m1ANeHbif-Qh9URNWs4QhC-GAcgPFHGwXGiz2FBocmwUrOvxhTY84A?ak=data+science&l=,— Ontario,Senior Data Analyst - Risk
155,Skycope Technologies Inc,"$80,000 - $120,000 a year",/jobsearch/viewjob/Qvt8X8H03KkA1F9-ndD6F5yeg0t1hrFY-iIZ4wfNniFQWs0uHdZAyA?ak=data+science&l=,"— Vancouver, BC",Machine Learning Engineer
156,The Home Depot,"$80,000 - $120,000 a year",/jobsearch/viewjob/_I-d-dlmsM3M2Y8ILQA9d0sA8QnJ6BoXPF4zfdDh0TmOyA0S0IfRTw?ak=data+science&l=,,"Business Analyst, Visual Strategy and Analytics – VOSM"
157,Compugen Inc,"Estimated: $86,000 - $120,000 a year",/jobsearch/viewjob/YHt-mR0wGQRS6a0pyrT3Ov-S1onNHkaHfo0NU3zzBVlScOnkNVsY6w?ak=data+science&l=,"— Calgary, AB",Advanced Support Specialist
158,Advanced Analytics and Research Lab (AAARL),"Estimated: $58,000 - $81,000 a year",/jobsearch/viewjob/6lbiF-rE5b3STxijqp1fgV8qGnGkSAFpUbzdhVkcY6fW1d9I67ar6Q?ak=data+science&l=,"— Toronto, ON",Analytics Consultant
159,Geotab,"Estimated: $64,000 - $81,000 a year",/jobsearch/viewjob/8AvTpH3csx7NEx_xBQJPP-NrwE1BnQvW-TzJrNjG9PIPBbNp6vxfIw?ak=data+science&l=,"— Oakville, ON","Data Scientist, Video Analytics"
160,Temetrix,"Estimated: $58,000 - $76,000 a year",/jobsearch/viewjob/EkvJVj4SaooHgsnu9uy7gId3IhOTjwt4f9g8ee3LYChFP3HKOsYrYA?ak=data+science&l=,"— Ottawa, ON",DATA SCIENTIST
161,Lixar I.T,"Estimated: $86,000 - $120,000 a year",/jobsearch/viewjob/jtybyjKARVF0Wo8g6Hasz4uHlPzii33a8T8b66BLVCISMyb2W3dM1Q?ak=data+science&l=,"— Toronto, ON",Hybrid Data Scientist/Data Engineer
162,Vanguard,"Estimated: $84,000 - $110,000 a year",/jobsearch/viewjob/naY9IdVdez40zBJ3tzQ00-Nx56VUhMUIopr-pFkqdGGhbGVmvoJy2Q?ak=data+science&l=,"— Toronto, ON",Principal Data Scientist
163,MarkiTech,"Estimated: $68,000 - $94,000 a year",/jobsearch/viewjob/38D8EVFtJLAlCB2Z-kdquqvO3eOZaGZ5jFY3BEuYX0wtJnmQ_qND2Q?ak=data+science&l=,"— Toronto, ON",Data Scientist / Engineer
164,Microsoft,"Estimated: $77,000 - $110,000 a year",/jobsearch/viewjob/PHoVC-Sao-sSWc2j462UDd_S3dIZl5auaWxEruPVZImZJrmOcgeqNQ?ak=data+science&l=,"— Mississauga, ON",Specialist- Azure Data & AI
165,SomaDetect,"Estimated: $70,000 - $92,000 a year",/jobsearch/viewjob/FF4H5PrpD6Lga-fSvnw395VHf4X5vvWpLs_mOhxH0sRK_fmSD3BUOw?ak=data+science&l=,"— Thorold, ON",Data Science Team Manager
166,Kinaxis,"Estimated: $83,000 - $110,000 a year",/jobsearch/viewjob/S386jpI97iwBRo8doTq_IMm_Fei9bgsq5QpQG2SqPp44dpBHXGelpw?ak=data+science&l=,"— Toronto, ON",Data Scientist
167,Accedian Networks,"Estimated: $66,000 - $89,000 a year",/jobsearch/viewjob/V83AcSNe_EToWzgk9l_dII7sUp5fz4KW4tUm-pd4ARTL_R4Aa0ml8g?ak=data+science&l=,"— Ottawa, ON",Data Scientist
168,Ingrooves,"Estimated: $73,000 - $100,000 a year",/jobsearch/viewjob/Yg8PzKgQrF6evhUweCXrSVkjTBPG8o3V-tahwGPSg-9rkDa8qv94gg?ak=data+science&l=,"— Victoria, BC",Data Scientist
169,Myant,"Estimated: $83,000 - $110,000 a year",/jobsearch/viewjob/ft09aiCzQvc54C0_gESEnH8bjKBkPEEP9A-EOOKR6dpympvoCDiMHw?ak=data+science&l=,"— Toronto, ON",Big Data and AI Analyst
170,REPLICANT,"Estimated: $60,000 - $82,000 a year",/jobsearch/viewjob/lY6Sj4lnTDEKpUp515Ra2svz6rQo7ZUiu_UNgoJIGMOiGEe0vyodYg?ak=data+science&l=,— Remote,Backend Data Engineer (Machine Learning)
171,David Aplin Group,"Estimated: $77,000 - $100,000 a year",/jobsearch/viewjob/bc2YEl3Cbooq0cTxJpRe6lgGJz7vPKPt8NZ0opMl_ZsS8oV1rZN8_Q?ak=data+science&l=,"— Winnipeg, MB",Machine Learning Specialist
172,Canadian National Railway,"Estimated: $79,000 - $110,000 a year",/jobsearch/viewjob/plIQotE3EJm_O4Xd_Gp0uWGPrDHmgC0n4dGSoV1-noGCjq_8dZa8aQ?ak=data+science&l=,"— Montréal, QC","Specialist Software Development, Machine Learning and Visual Analytics"
173,Client Of Emergitel,"Estimated: $58,000 - $83,000 a year",/jobsearch/viewjob/I4gBruu5mXbRbfQZtTvh6-7nL9hdG0mkLNKB3rln60wRXXSNPzwmig?ak=data+science&l=,"— Montréal, QC",Data Analyst (SQL/Python/AI)
174,BTA Design Services,"Estimated: $69,000 - $89,000 a year",/jobsearch/viewjob/Jnik2tK2Z2KONNrUVYO4M1ZCHXrGpZOvcHZ9We2KjPzW9l-jQsM2jw?ak=data+science&l=,"— Ottawa, ON","Embedded Software Designer: Machine Learning, Computer Vision, ADAS"
175,Citi,"Estimated: $88,000 - $110,000 a year",/jobsearch/viewjob/svVxaEsvI_ZJzhSjA15-MCLOvpi8i-CK4-mosaiq3STARiXJO2Q3Bw?ak=data+science&l=,"— Mississauga, ON",Data Science Senior Manager
176,Zynga,"Estimated: $53,000 - $74,000 a year",/jobsearch/viewjob/dKXaRZMvOEPJKiG6dbOy8SjrZQAFJqdK32Ss82UftHv3deG39_JNYg?ak=data+science&l=,"— Toronto, ON",Data Scientist II
177,Labatt Breweries of Canada,"Estimated: $97,000 - $140,000 a year",/jobsearch/viewjob/GOXVr63EddHmgOpfCNt2JSeO4hQV6OWlofB4L36hfoNBTJKV3hoe5w?ak=data+science&l=,"— Toronto, ON",Sr. Data Scientist
178,Loblaw Companies Limited,"Estimated: $95,000 - $130,000 a year",/jobsearch/viewjob/vXtbVNJcz99wd1wlPrFcTlW38JaiXhjpGQDR87AGRsuNc7dlMsQaLw?ak=data+science&l=,"— Brampton, ON",Senior Data Scientist
179,BBA,"Estimated: $67,000 - $91,000 a year",/jobsearch/viewjob/n1huV3ZxpfooBR74Z8orBR8mE91b0ucPVpLGrIOYCHMuRdN59mxtyA?ak=data+science&l=,"— Mont-Saint-Hilaire, QC",Junior Data Analyst – Industrial IT
180,Dialpad,"Estimated: $52,000 - $73,000 a year",/jobsearch/viewjob/s2XYwyExJjRnitsl07mhAGlewK3OarKsX_yQFSMbLbR0lq1BHkbcvA?ak=data+science&l=,"— Kitchener, ON",Data Analyst
181,SurveyMonkey,"Estimated: $65,000 - $84,000 a year",/jobsearch/viewjob/yspOb8-Ezhqmh2QwfrZLCkrTSVE6lvEThCJezppZlSwAYslf5S7MNQ?ak=data+science&l=,"— Ottawa, ON",Data Scientist II
182,Skycope Technologies Inc,"$80,000 - $120,000 a year",/jobsearch/viewjob/Qvt8X8H03KkA1F9-ndD6F5yeg0t1hrFY-iIZ4wfNniFQWs0uHdZAyA?ak=data+science&l=,"— Vancouver, BC",Machine Learning Engineer
183,The Home Depot,"$80,000 - $120,000 a year",/jobsearch/viewjob/_I-d-dlmsM3M2Y8ILQA9d0sA8QnJ6BoXPF4zfdDh0TmOyA0S0IfRTw?ak=data+science&l=,,"Business Analyst, Visual Strategy and Analytics – VOSM"
184,Compugen Inc,"Estimated: $86,000 - $120,000 a year",/jobsearch/viewjob/YHt-mR0wGQRS6a0pyrT3Ov-S1onNHkaHfo0NU3zzBVlScOnkNVsY6w?ak=data+science&l=,"— Calgary, AB",Advanced Support Specialist
185,Deloitte,"Estimated: $74,000 - $96,000 a year",/jobsearch/viewjob/2nOKl9IEpfVKGVMiWhrzNNsY5ciKxyVc9vV2E-245AJpf7WFF8xhlg?ak=data+science&l=,"— Toronto, ON","Customer Data Architect, Omnia AI"
186,University Health Network,"Estimated: $80,000 - $100,000 a year",/jobsearch/viewjob/19NUW9fmi3wMJqUtBkF9JaeshRPnAzjkg1p9r14r45e8MafeJnV7sg?ak=data+science&l=,"— Toronto, ON","Senior Business Process & Data Analyst, Data & Implementation Science"
187,Adastra Corporation,"Estimated: $76,000 - $100,000 a year",/jobsearch/viewjob/Eu_5le7YW4QGX1jicCZKsv5THy6YeDCuifapcyY0pdGiQ4QhtA52cA?ak=data+science&l=,"— Toronto, ON",Advanced Analytics Consultant
188,MobSquad,"Estimated: $78,000 - $98,000 a year",/jobsearch/viewjob/AOsKp1j028sURXQGhBr8KxWF_bCxaVTH8f6vZVFBXdyMByT5xKU-fw?ak=data+science&l=,"— Calgary, AB",Data Scientist
189,TKEES,"Estimated: $56,000 - $73,000 a year",/jobsearch/viewjob/wbfxp2G6lTLrZ_hyrsPhTnjPBcheKtfXzIVuaPpvqjDq0YBbvaeO-g?ak=data+science&l=,"— Toronto, ON",Sr. Data Analyst
190,Inkbox,"Estimated: $72,000 - $100,000 a year",/jobsearch/viewjob/XjZhu29Gu_57SToy07a2bkhB-ysqlD0Los8pDLQe8L_aS7ijTXGO8A?ak=data+science&l=,"— Toronto, ON",Senior Data Analyst
191,A4 Systems Corporation,"Estimated: $75,000 - $110,000 a year",/jobsearch/viewjob/Hb-Dbmzcf-TJLHMIfo28I_b3RHAyBllZaNcxxdUKLM1FlADzGIM3vA?ak=data+science&l=,"— Calgary, AB",Data Scientist – Machine Learning
192,Yelp,"Estimated: $68,000 - $88,000 a year",/jobsearch/viewjob/-kWtlv3S-K6OQQlUQym5H-MKrnSxK5Yk-B_weokmh4Z3UA1UmgzzCw?ak=data+science&l=,— Remote,Applied Scientist (Remote)
193,Electrical Safety Authority,"Estimated: $100,000 - $130,000 a year",/jobsearch/viewjob/GDebnt0lzuemHSEUDugwldwmmuTS6H7a9c9KDEmCQ7GyOvqayXwnMw?ak=data+science&l=,"— Mississauga, ON",Manager Data Analytics
194,Ecopia Tech,"Estimated: $42,000 - $58,000 a year",/jobsearch/viewjob/_kxTeN0FEtorSIqBfSwj_Wfh1lsgkUyOZ90SUWXBOu_oBmuJw_HFzA?ak=data+science&l=,"— Toronto, ON",Computer Vision Internship (3)
195,Huddle,"Estimated: $60,000 - $78,000 a year",/jobsearch/viewjob/hV1l8ceLFjQtFdWPWzD8hl23SrH9LAN0eUfmcyKCGrz5bs6XRrLjWQ?ak=data+science&l=,"— Moncton, NB",Data Scientist
196,Roboeye,"Estimated: $68,000 - $95,000 a year",/jobsearch/viewjob/-IO1X5hlgyNdHdqpnEZjF8Liia8iPINCu-_K1H1OY_Ro57JxIKG_GQ?ak=data+science&l=,"— Toronto, ON",AI Researcher (Computer vision)
197,Suncor Energy Services,"Estimated: $55,000 - $76,000 a year",/jobsearch/viewjob/41uwLslpssR3Mz1EVgFSuv5T8yQkYHP8OhzTbe0Fzlp9Q38_QQhyTA?ak=data+science&l=,— Alberta,Data Analytics Student
198,David Aplin Group,"Estimated: $77,000 - $100,000 a year",/jobsearch/viewjob/bc2YEl3Cbooq0cTxJpRe6lgGJz7vPKPt8NZ0opMl_ZsS8oV1rZN8_Q?ak=data+science&l=,"— Winnipeg, MB",Machine Learning Specialist
199,Canadian National Railway,"Estimated: $79,000 - $110,000 a year",/jobsearch/viewjob/plIQotE3EJm_O4Xd_Gp0uWGPrDHmgC0n4dGSoV1-noGCjq_8dZa8aQ?ak=data+science&l=,"— Montréal, QC","Specialist Software Development, Machine Learning and Visual Analytics"
200,Client Of Emergitel,"Estimated: $58,000 - $83,000 a year",/jobsearch/viewjob/I4gBruu5mXbRbfQZtTvh6-7nL9hdG0mkLNKB3rln60wRXXSNPzwmig?ak=data+science&l=,"— Montréal, QC",Data Analyst (SQL/Python/AI)
201,BTA Design Services,"Estimated: $69,000 - $89,000 a year",/jobsearch/viewjob/Jnik2tK2Z2KONNrUVYO4M1ZCHXrGpZOvcHZ9We2KjPzW9l-jQsM2jw?ak=data+science&l=,"— Ottawa, ON","Embedded Software Designer: Machine Learning, Computer Vision, ADAS"
202,SomaDetect,"Estimated: $71,000 - $92,000 a year",/jobsearch/viewjob/A4cyIMBgsKTZm8XmLvIRuTuolVp_Zu96zW0zl8hcMytZrX5Xrmrn5A?ak=data+science&l=,"— Kitchener, ON",Data Science Team Manager
203,BFS Capital,"Estimated: $74,000 - $110,000 a year",/jobsearch/viewjob/UEDsNJom49NMgTFBokznW7hwfa6L4yGoqRHNq4FW3ZuKGEwR1lEauQ?ak=data+science&l=,"— Toronto, ON",Senior Data Scientist – BI Analytics
204,Pet Cancer Fund,"Estimated: $95,000 - $130,000 a year",/jobsearch/viewjob/lFoGUNEb2pY94gMxH1gkrREvR8PjjDxB-wGM7fT9oucYVxQ6BxZV-A?ak=data+science&l=,"— Toronto, ON","Manager, Data Analytics (Volunteer)"
205,Sunnyfuture Group,"$60,000 a year",/jobsearch/viewjob/bZ2d5slZqn6yhI5f7lR7l2HzyxBK0oIOGuy6X-4uEx1UngSaYc0w1A?ak=data+science&l=,"— Toronto, ON",Data Analyst/Financial Analyst
206,Industry Training Authority,"$70,000 - $90,000 a year",/jobsearch/viewjob/Jx_eDLAyCW8V44VliUcTb-YrB05asYFH4jSin5STbji1D49d_Pc-ow?ak=data+science&l=,"— Richmond, BC",Research & Data Analyst
207,Glu Mobile,"Estimated: $85,000 - $120,000 a year",/jobsearch/viewjob/y6OSzEQ9I9Vx2wHLJAhDX-gLBvA3eFmzrS33tAcQgwEjGhKaYoWxGQ?ak=data+science&l=,"— Toronto, ON",Senior Data Analyst
208,Stantec,"Estimated: $72,000 - $96,000 a year",/jobsearch/viewjob/OSoZaV8EAxOM34ZYOzCklhiliSnt1qo3N12e6C1gKu9lXIKXe_lb0A?ak=data+science&l=,— Canada,"Data Engineer & Scientist, Digital Services"
209,Skycope Technologies Inc,"$80,000 - $120,000 a year",/jobsearch/viewjob/Qvt8X8H03KkA1F9-ndD6F5yeg0t1hrFY-iIZ4wfNniFQWs0uHdZAyA?ak=data+science&l=,"— Vancouver, BC",Machine Learning Engineer
210,The Home Depot,"$80,000 - $120,000 a year",/jobsearch/viewjob/_I-d-dlmsM3M2Y8ILQA9d0sA8QnJ6BoXPF4zfdDh0TmOyA0S0IfRTw?ak=data+science&l=,,"Business Analyst, Visual Strategy and Analytics – VOSM"
211,Compugen Inc,"Estimated: $86,000 - $120,000 a year",/jobsearch/viewjob/YHt-mR0wGQRS6a0pyrT3Ov-S1onNHkaHfo0NU3zzBVlScOnkNVsY6w?ak=data+science&l=,"— Calgary, AB",Advanced Support Specialist
212,QQuote,"$40,000 - $50,000 a year",/jobsearch/viewjob/UGBjWwkYZp0KldfNjXPVAZb7Z1N9bq77fEA0EItUSZqIKwR88BGA1A?ak=data+science&l=,"— Toronto, ON",Automotive Software Data Analyst / Tester
213,Deloitte,"Estimated: $79,000 - $110,000 a year",/jobsearch/viewjob/KwR6B4zDPuVdKw6TR7zTFJOi3IEv0n_RYZmIenAaKW0ueIb4xIqBMg?ak=data+science&l=,"— Toronto, ON","Manager, Data Governance (Collibra), Omnia AI"
214,Scotiabank,"Estimated: $79,000 - $110,000 a year",/jobsearch/viewjob/EqjHPMLtmc0YfDpCvw8cFL1wzZDoItO3W7JbrHn07oYzfHemVQ7xEQ?ak=data+science&l=,,Learn more about our Digital Analytics team!
215,ENERCARE,"Estimated: $83,000 - $110,000 a year",/jobsearch/viewjob/LTirgM4IgP0cFduUSOMLV3p8UvL_TEWVWtWMNm4rEnrI3A_1C010Cg?ak=data+science&l=,"— Markham, ON","Analytics Developer, Data Strategy & Operations"
216,Lightspark,"Estimated: $67,000 - $87,000 a year",/jobsearch/viewjob/BRF-Zqu3KCcecJByYwLugK_fFpHKbbML4jrKAFMmS8x7-5VL6ACUhQ?ak=data+science&l=,"— Vancouver, BC",Data Scientist
217,Creative Game Technologies,"Estimated: $39,000 - $52,000 a year",/jobsearch/viewjob/aYbJPn-o_KCsc2opEgb01Qrwtxc918plDP9ky73rzIHcsjezMn0shw?ak=data+science&l=,"— North York, ON",Casino Games Mathematician
218,Loblaw Digital,"Estimated: $71,000 - $99,000 a year",/jobsearch/viewjob/8MoWY5lCervqgb65sG24GkdPitoeRCGIMsg4ITIPBcUs1V5KOd3JKw?ak=data+science&l=,"— Toronto, ON",Senior Data Scientist
219,Insurance Bureau of Canada,"Estimated: $69,000 - $93,000 a year",/jobsearch/viewjob/o33xeX0LrYftZj1dtE3LlTEQX6vMo0zilb3r4DbT0CyEnWAO7Xd_7Q?ak=data+science&l=,"— Toronto, ON",Senior Systems Data Analyst
220,Sun Life Financial,"Estimated: $69,000 - $93,000 a year",/jobsearch/viewjob/9e2oyfpCCMdoKx8bl5g_Ynlvk84x74C9xEJ7K3yRzOg2ZCSfpOdULg?ak=data+science&l=,,Senior Data Scientist
221,Fiddlehead,"Estimated: $53,000 - $77,000 a year",/jobsearch/viewjob/hTCp4zl8Qni4r-RnpTKz_vHlGwCC3DnAZW7E5drpNB95-ML8b2h43w?ak=data+science&l=,"— Moncton, NB",Data Scientist
222,SickKids,"Estimated: $81,000 - $110,000 a year",/jobsearch/viewjob/mVd-T-hlLSvReCL5dLWOAb5XFRgQLMw222V5DLYOPDIllntNU-0RUQ?ak=data+science&l=,"— Toronto, ON",Senior Data Architect- Artificial Intelligence in Medicine for Kids
223,TELUS,"Estimated: $67,000 - $91,000 a year",/jobsearch/viewjob/rSJOUzNPxPInuck5nc-tYutwAVh5aFvbn7NhfH-O384gGhDfUXVXMw?ak=data+science&l=,"— Toronto, ON",Data Scientist - TELUS Digital
224,Deloitte,"Estimated: $84,000 - $120,000 a year",/jobsearch/viewjob/A0YKeKuAljaymBfKYEic8WYSWSpJccl1fSL5z8QgErkMFAZRnpU69Q?ak=data+science&l=,"— Toronto, ON","Azure Data Engineer, Omnia AI, Toronto"
225,David Aplin Group,"Estimated: $77,000 - $100,000 a year",/jobsearch/viewjob/bc2YEl3Cbooq0cTxJpRe6lgGJz7vPKPt8NZ0opMl_ZsS8oV1rZN8_Q?ak=data+science&l=,"— Winnipeg, MB",Machine Learning Specialist
226,Canadian National Railway,"Estimated: $79,000 - $110,000 a year",/jobsearch/viewjob/plIQotE3EJm_O4Xd_Gp0uWGPrDHmgC0n4dGSoV1-noGCjq_8dZa8aQ?ak=data+science&l=,"— Montréal, QC","Specialist Software Development, Machine Learning and Visual Analytics"
227,Client Of Emergitel,"Estimated: $58,000 - $83,000 a year",/jobsearch/viewjob/I4gBruu5mXbRbfQZtTvh6-7nL9hdG0mkLNKB3rln60wRXXSNPzwmig?ak=data+science&l=,"— Montréal, QC",Data Analyst (SQL/Python/AI)
228,BTA Design Services,"Estimated: $69,000 - $89,000 a year",/jobsearch/viewjob/Jnik2tK2Z2KONNrUVYO4M1ZCHXrGpZOvcHZ9We2KjPzW9l-jQsM2jw?ak=data+science&l=,"— Ottawa, ON","Embedded Software Designer: Machine Learning, Computer Vision, ADAS"
229,Air Liquide,"Estimated: $51,000 - $72,000 a year",/jobsearch/viewjob/eigXYsWF8JOY3fYrn2-Vz3FUTwStyNC_kezruivW67mT-mRGYXtXew?ak=data+science&l=,"— Montréal, QC",Data Science Associate - Montreal
230,Roboeye,"Estimated: $80,000 - $110,000 a year",/jobsearch/viewjob/GbA36lZu6R4GEMRMCZfmR2K2dVGUHiqsOUBJxLLl9Y1Jj1nZbLgPnA?ak=data+science&l=,"— Toronto, ON",Research Engineer (Machine Learning and Computer Vision)
231,Profitable Software Inc.,"Estimated: $40,000 - $55,000 a year",/jobsearch/viewjob/IgyF07-7W4i-S1i7f3EZpvO1cb6SzjHIsIGh7fdxzZTDDwVrxM3k4Q?ak=data+science&l=,"— Vancouver, BC",Junior Data Scientist
232,Canadian National Railway,"Estimated: $82,000 - $100,000 a year",/jobsearch/viewjob/7FokQK0zWv0IsvSNWlPlUwQRN9hS78Ms181xa7L0jHF-1o0Fo-XeCA?ak=data+science&l=,"— Montréal, QC",Data Scientist
233,CGI,"Estimated: $84,000 - $120,000 a year",/jobsearch/viewjob/G9lXC0uwcdRMZNqdz2L8eXOp5D2lUGC22myvt9IMTVdAU43Uu3BylA?ak=data+science&l=,"— Ottawa, ON",Senior Data Scientist
234,Samsung Research America,"Estimated: $68,000 - $90,000 a year",/jobsearch/viewjob/XzYZW-7hiH1qX8ZCzBOjCGCmWNybfzuUw2NO0UGYFUvUiTD18G0rBQ?ak=data+science&l=,"— Toronto, ON","Research Scientist, Multi-Modal AI"
235,Loblaw Companies Limited,"Estimated: $68,000 - $90,000 a year",/jobsearch/viewjob/ojdLKTYS4oq2p5g1s6HuzTcg5GwSzsPOUJTQ2ox3UslAG6N7ZCZqMw?ak=data+science&l=,"— Brampton, ON",Data Scientist
236,Skycope Technologies Inc,"$80,000 - $120,000 a year",/jobsearch/viewjob/Qvt8X8H03KkA1F9-ndD6F5yeg0t1hrFY-iIZ4wfNniFQWs0uHdZAyA?ak=data+science&l=,"— Vancouver, BC",Machine Learning Engineer
237,The Home Depot,"$80,000 - $120,000 a year",/jobsearch/viewjob/_I-d-dlmsM3M2Y8ILQA9d0sA8QnJ6BoXPF4zfdDh0TmOyA0S0IfRTw?ak=data+science&l=,,"Business Analyst, Visual Strategy and Analytics – VOSM"
238,Compugen Inc,"Estimated: $86,000 - $120,000 a year",/jobsearch/viewjob/YHt-mR0wGQRS6a0pyrT3Ov-S1onNHkaHfo0NU3zzBVlScOnkNVsY6w?ak=data+science&l=,"— Calgary, AB",Advanced Support Specialist
239,Parkland Corporation,"Estimated: $78,000 - $100,000 a year",/jobsearch/viewjob/UVZxm3XDZVdawe5ZZ5Yj0hrzBKPDQwrFWo4wghff9HHfdGigABDYWg?ak=data+science&l=,"— Calgary, AB",Data Scientist
240,407 ETR,"Estimated: $64,000 - $89,000 a year",/jobsearch/viewjob/zqi-af5ZV3nSE-UGmgVLR65XD8kwTBajaL_Lh3NRn1HCgLXIo2qP_w?ak=data+science&l=,"— Woodbridge, ON",Sr Data Scientist
241,Deloitte,"Estimated: $75,000 - $110,000 a year",/jobsearch/viewjob/Uv4xzD3kJual4Rc1vTlSO83opFOq1SwC178AAWkpNPjwuDGN175qiA?ak=data+science&l=,"— Toronto, ON","Senior Consultant, Data Governance (Collibra), Omnia AI Toronto"
242,Thompson Rivers University,"Estimated: $48,000 - $65,000 a year",/jobsearch/viewjob/2iLE1z1mBjHdYtmsyt3LuEuKe8GNwtFBZafU1sDGzD_2kFRf9gZuEw?ak=data+science&l=,— Canada,Open Learning Faculty Member (Web) COMP 3711: Artificial Intelligence
243,PRA Health Sciences,"Estimated: $65,000 - $85,000 a year",/jobsearch/viewjob/pDOwubsy08w2qAOf1cpD231u_4GnHdgtCNy1RN27GTACZu_k8L99Qw?ak=data+science&l=,— Remote,Statistical Programmer 2
244,University of Ottawa,"Estimated: $57,000 - $72,000 a year",/jobsearch/viewjob/8xdLf4M-ez1MguULy9HP_KcfUKoFpCsTyN3PCqZVO076Oxq3VLCnCg?ak=data+science&l=,"— Ottawa, ON",Science - Mathematical Modelling in Health and Life Sciences
245,"Amazon Web Services Canada, In","Estimated: $57,000 - $72,000 a year",/jobsearch/viewjob/Q2wIEztp5_AVUIyTQdZmSzxfBLkWzyCiX-kaoZ5a_mCLUBG8DQQt8g?ak=data+science&l=,,Senior Data Scientist - AWS Professional Services
246,Reconnect Community Health Services,$17 an hour,/jobsearch/viewjob/kHWaWTWY8KAi7te5ZQyhR-Mllm_EjmwPHS8x-UGVxOj3ZquKNLXj7w?ak=data+science&l=,"— Toronto, ON",Decision Support Junior Analyst
247,Temetrix,"Estimated: $90,000 - $120,000 a year",/jobsearch/viewjob/jVPGxs2m9Z9oxgmTbG2oYQ90F44LZIeNetmvvad02rG3bYksgXnoqg?ak=data+science&l=,"— Ottawa, ON",SENIOR DATA SCIENTIST
248,Golder Associates,"Estimated: $70,000 - $93,000 a year",/jobsearch/viewjob/0NX5TPRvoIS0K9ueV_OO49Ci0aODk6sayfjpe4F7z2coVQQ6ZUJ3Xw?ak=data+science&l=,"— Kelowna, BC",Environmental Data Analyst
249,Boast.AI,"$80,000 - $110,000 a year",/jobsearch/viewjob/p_tXNrbjD1zc2gLST-SVosYP07w0DjIHxPJDRpFBPWoKIMx5L5Q-rg?ak=data+science&l=,"— Toronto, ON",Machine Learning Engineer
250,New World Interactive LLC,"Estimated: $53,000 - $71,000 a year",/jobsearch/viewjob/9Kv8sKWYR3nLYQk1NE7TFdRqfO3ocf_YCXlyaDjPDrNlFsH-oxvnfQ?ak=data+science&l=,"— Torrance, ON",AI Programmer
251,nugget.ai,"Estimated: $91,000 - $120,000 a year",/jobsearch/viewjob/gKl1udh5J_79fxvKNPleQPIu2Sad9QC8u8yaOQZ5mEBqPISYK1nyJQ?ak=data+science&l=,"— Toronto, ON",Senior Data Scientist
252,David Aplin Group,"Estimated: $77,000 - $100,000 a year",/jobsearch/viewjob/bc2YEl3Cbooq0cTxJpRe6lgGJz7vPKPt8NZ0opMl_ZsS8oV1rZN8_Q?ak=data+science&l=,"— Winnipeg, MB",Machine Learning Specialist
253,Canadian National Railway,"Estimated: $79,000 - $110,000 a year",/jobsearch/viewjob/plIQotE3EJm_O4Xd_Gp0uWGPrDHmgC0n4dGSoV1-noGCjq_8dZa8aQ?ak=data+science&l=,"— Montréal, QC","Specialist Software Development, Machine Learning and Visual Analytics"
254,Client Of Emergitel,"Estimated: $58,000 - $83,000 a year",/jobsearch/viewjob/I4gBruu5mXbRbfQZtTvh6-7nL9hdG0mkLNKB3rln60wRXXSNPzwmig?ak=data+science&l=,"— Montréal, QC",Data Analyst (SQL/Python/AI)
255,BTA Design Services,"Estimated: $69,000 - $89,000 a year",/jobsearch/viewjob/Jnik2tK2Z2KONNrUVYO4M1ZCHXrGpZOvcHZ9We2KjPzW9l-jQsM2jw?ak=data+science&l=,"— Ottawa, ON","Embedded Software Designer: Machine Learning, Computer Vision, ADAS"
256,Ubisoft,"Estimated: $69,000 - $91,000 a year",/jobsearch/viewjob/YP3-XM63VNf_n9wFGMZ_5IHdZXJ2wkvGZg4ZtW-fB3ItcHBbw1vzlw?ak=data+science&l=,"— Toronto, ON",AI Programmer
257,Seaspan Ship Management Ltd.,"Estimated: $76,000 - $100,000 a year",/jobsearch/viewjob/RoRdNBANhBOuVbFiCMfZn_jX3MfuAUXXYayYx8mKIvgLsYy0OsHbvg?ak=data+science&l=,"— Vancouver, BC",Data Scientist
258,Adante Consulting,"Estimated: $60,000 - $81,000 a year",/jobsearch/viewjob/dJmc5pJxFL80weG3oiS_uzsWJTS7dkExXeAgiRq_RlEXjkLoqJFicg?ak=data+science&l=,"— Toronto, ON",BI Analyst
259,Kabam,"Estimated: $69,000 - $96,000 a year",/jobsearch/viewjob/40F1lKEFV00j_xaPv-R7xsSWxaKc7UXhuzh7IPzcHUE1mcYuZMUCgw?ak=data+science&l=,"— Vancouver, BC",Data Scientist
260,Tenstorrent,"Estimated: $89,000 - $120,000 a year",/jobsearch/viewjob/KhLzUO2RWQptFSiz7cMMIN9iiPOITbDGy5yI4UYm-EabtAXUVzpmPA?ak=data+science&l=,"— Toronto, ON","Software Engineer, Machine Learning Graph Compiler [Canada] - 2021 New Grads"
261,Qcom College of Technology,$20 - $22 an hour,/jobsearch/viewjob/WUVk8m_JomOTZnA6algGpsXD8LT8NxV72BxRPCBIztJf2ZOQ6QqWlA?ak=data+science&l=,"— Calgary, AB",Data & Analytical Science Instructor
262,EPAM Systems,"Estimated: $69,000 - $94,000 a year",/jobsearch/viewjob/XEvBGSIfys4CQRRRQTRIyLeDbnfnckKmHLBUce-lZTgJIBaT2uT12g?ak=data+science&l=,"— Toronto, ON",Big Data Technical Consultant
263,Skycope Technologies Inc,"$80,000 - $120,000 a year",/jobsearch/viewjob/Qvt8X8H03KkA1F9-ndD6F5yeg0t1hrFY-iIZ4wfNniFQWs0uHdZAyA?ak=data+science&l=,"— Vancouver, BC",Machine Learning Engineer
264,The Home Depot,"$80,000 - $120,000 a year",/jobsearch/viewjob/_I-d-dlmsM3M2Y8ILQA9d0sA8QnJ6BoXPF4zfdDh0TmOyA0S0IfRTw?ak=data+science&l=,,"Business Analyst, Visual Strategy and Analytics – VOSM"
265,Compugen Inc,"Estimated: $86,000 - $120,000 a year",/jobsearch/viewjob/YHt-mR0wGQRS6a0pyrT3Ov-S1onNHkaHfo0NU3zzBVlScOnkNVsY6w?ak=data+science&l=,"— Calgary, AB",Advanced Support Specialist
266,SOTI Inc.,"Estimated: $88,000 - $120,000 a year",/jobsearch/viewjob/84GjR5lJh-sxBwziwMLhNAs5dtMdH8JclplV7lvj9XqgbcXpQp5JWA?ak=data+science&l=,"— Mississauga, ON",Senior Data Scientist
267,Coursera,"Estimated: $84,000 - $110,000 a year",/jobsearch/viewjob/4ooHfAqzvAJxUrcnSBallu5r8Q71BwfSyUEp6xbqR-0pAVJFRHhueQ?ak=data+science&l=,"— Toronto, ON","Senior Data Scientist, Machine Learning"
268,Intact,"Estimated: $84,000 - $110,000 a year",/jobsearch/viewjob/g0WkM32ot0OxaoPPRzwYzSkRiUam4WRqbwGbcfEIW7kPclYhFlVitQ?ak=data+science&l=,,"Senior Data Scientist, Intact Lab"
269,Game Hive Corporation,"Estimated: $63,000 - $83,000 a year",/jobsearch/viewjob/FJUpI38_8Dbu1qmiSK0PqihOh-UutMoa-9Rd_EUjZ-QuWsoU-i7NPw?ak=data+science&l=,"— Toronto, ON",Game Mathematician
270,PwC,"Estimated: $71,000 - $90,000 a year",/jobsearch/viewjob/TeMrlmOJUbIUSIC-A09_4m57XBnG-gOWlSvMCNkMB-tydJZfs1cITw?ak=data+science&l=,"— Toronto, ON","Analytics, Data Strategy, Data Management & Governance, Senior Associate"
271,Bell Canada,"Estimated: $71,000 - $94,000 a year",/jobsearch/viewjob/AmnfYw56gUMS6PkqcACVp_srCorJqZW0FNGTBilaF89VRJw-9O3khA?ak=data+science&l=,"— Toronto, ON","Developer, Machine Learning Engineer"
272,Medlior Health Outcomes Research Ltd.,"$80,000 - $98,000 a year",/jobsearch/viewjob/2LORmnrPszb_fCSkIZjS61CfsKvJsO73OkyDh-9-IwUEXUWudDNyBw?ak=data+science&l=,"— Calgary, AB",Data Scientist
273,Cerebri AI,"Estimated: $88,000 - $130,000 a year",/jobsearch/viewjob/yO724fkWgOZyEdr6MnwHEEfv3ub9jCuLXTxzWruc-33nOpbiAJ8aGg?ak=data+science&l=,"— Toronto, ON",Senior Data Scientist/Manager
274,Micro Focus,"Estimated: $77,000 - $110,000 a year",/jobsearch/viewjob/nSM3jngbsTMwp81oQPb8CYodz2sC-dlRRxEEgRyw5sJBGafheM3aVg?ak=data+science&l=,"— Ottawa, ON",Big Data Engineer - Analytics
275,Lighthouse Labs,$30 - $50 an hour,/jobsearch/viewjob/2xRALlTqyP3QKiGQXJh1QoLmEjDMKm5v1l2MdNfnkdciYzZv774Qng?ak=data+science&l=,"— Vancouver, BC",Remote PT Data Science Mentor
276,VueReal,"Estimated: $64,000 - $91,000 a year",/jobsearch/viewjob/ctclCAIoUULbcQkGQfujEunIktXW8Unpk4pGTTjjUwWYFre8ebAPfA?ak=data+science&l=,"— Waterloo, ON",Computer Vision and Machine Learning Developer
277,Symend,"Estimated: $65,000 - $87,000 a year",/jobsearch/viewjob/jxfWbE3Vu2Vqv7X1_Zx5TZjtCCsspjRc1ZisRo3J_fon02AXAdsQrQ?ak=data+science&l=,"— Calgary, AB",Data Scientist
278,Interset,"Estimated: $90,000 - $110,000 a year",/jobsearch/viewjob/YhA5XF3aFsnqW4k6fM34kYKVno3wtzypIQiE3HL6MCN_TNo03z9gkA?ak=data+science&l=,"— Ottawa, ON",Big Data Engineer - Analytics
279,David Aplin Group,"Estimated: $77,000 - $100,000 a year",/jobsearch/viewjob/bc2YEl3Cbooq0cTxJpRe6lgGJz7vPKPt8NZ0opMl_ZsS8oV1rZN8_Q?ak=data+science&l=,"— Winnipeg, MB",Machine Learning Specialist
280,Canadian National Railway,"Estimated: $79,000 - $110,000 a year",/jobsearch/viewjob/plIQotE3EJm_O4Xd_Gp0uWGPrDHmgC0n4dGSoV1-noGCjq_8dZa8aQ?ak=data+science&l=,"— Montréal, QC","Specialist Software Development, Machine Learning and Visual Analytics"
281,Client Of Emergitel,"Estimated: $58,000 - $83,000 a year",/jobsearch/viewjob/I4gBruu5mXbRbfQZtTvh6-7nL9hdG0mkLNKB3rln60wRXXSNPzwmig?ak=data+science&l=,"— Montréal, QC",Data Analyst (SQL/Python/AI)
282,BTA Design Services,"Estimated: $69,000 - $89,000 a year",/jobsearch/viewjob/Jnik2tK2Z2KONNrUVYO4M1ZCHXrGpZOvcHZ9We2KjPzW9l-jQsM2jw?ak=data+science&l=,"— Ottawa, ON","Embedded Software Designer: Machine Learning, Computer Vision, ADAS"
283,Microsoft,"Estimated: $39,000 - $53,000 a year",/jobsearch/viewjob/4r0FdF3c3B58-aW5nyDfG5PRnGd5h6TiMfurnz1z90ntMrW3xmGDIQ?ak=data+science&l=,"— Montréal, QC",Research Intern - Information and Data Sciences
284,Brizi,"Estimated: $71,000 - $100,000 a year",/jobsearch/viewjob/XUlhidP0oWi2zxFQOyI9BjW8pNcI-hdCPMBTVw7eGNmS9URK49wsmQ?ak=data+science&l=,"— Toronto, ON",Robotics/Computer Vision Engineer
285,Roche,"Estimated: $71,000 - $90,000 a year",/jobsearch/viewjob/cKTQszQd9-fct_ftlAT1sJfcXNMd4-AcTqpKX69Qy8xSUEuAod2qwQ?ak=data+science&l=,"— Mississauga, ON",Statistician (Text analytics and Natural language processing)
286,Deloitte,"Estimated: $96,000 - $140,000 a year",/jobsearch/viewjob/SXbRmxv_FK5X1deqSvvaCWYm8N2nBLQZEW5XUehy5LDJ-CEVCEV5Iw?ak=data+science&l=,"— Toronto, ON","Snowflake Data Architect / Manager, Omnia AI"
287,IMS Group,"Estimated: $72,000 - $100,000 a year",/jobsearch/viewjob/1oZG5fDXnWtWeKQrood0J0s1LYmq4e13CxNzx2mOL2M-JBgpPO5VlA?ak=data+science&l=,"— Toronto, ON",Project Statistician
288,Prenuvo Inc,"Estimated: $82,000 - $110,000 a year",/jobsearch/viewjob/hKkyNDFaxGVkxkhIaA2OJK8NNG3JS88rXaTvb0kSWn6nAlpjxPc1Sw?ak=data+science&l=,"— Vancouver, BC",Data Engineer - Machine Learning
289,Centro,"Estimated: $65,000 - $90,000 a year",/jobsearch/viewjob/4I6_y5LiSnMVz-SYBYHVlfwzIUKOSgeGOpG-xOvYDgAAq0CdBbwnrw?ak=data+science&l=,— Ontario,Business Intelligence Developer
290,Skycope Technologies Inc,"$80,000 - $120,000 a year",/jobsearch/viewjob/Qvt8X8H03KkA1F9-ndD6F5yeg0t1hrFY-iIZ4wfNniFQWs0uHdZAyA?ak=data+science&l=,"— Vancouver, BC",Machine Learning Engineer
291,The Home Depot,"$80,000 - $120,000 a year",/jobsearch/viewjob/_I-d-dlmsM3M2Y8ILQA9d0sA8QnJ6BoXPF4zfdDh0TmOyA0S0IfRTw?ak=data+science&l=,,"Business Analyst, Visual Strategy and Analytics – VOSM"
292,Compugen Inc,"Estimated: $86,000 - $120,000 a year",/jobsearch/viewjob/YHt-mR0wGQRS6a0pyrT3Ov-S1onNHkaHfo0NU3zzBVlScOnkNVsY6w?ak=data+science&l=,"— Calgary, AB",Advanced Support Specialist
293,Bioinformatics Solutions Inc.,"Estimated: $86,000 - $120,000 a year",/jobsearch/viewjob/cia3ISHHilqIVYoPgJsqNoIAD1otvl25Op7_v7TmFCBbARIBAN3S6w?ak=data+science&l=,,AI Research Engineer
294,Teck Resources Limited,"Estimated: $100,000 - $140,000 a year",/jobsearch/viewjob/5bMOWjmHBbisku1EH04qVqqhD9Ppy7NFXmCbBu3JFoFlGhdN39AFPg?ak=data+science&l=,"— Vancouver, BC",Data Scientist - RACE21
295,Concentrix,"Estimated: $58,000 - $80,000 a year",/jobsearch/viewjob/SkqVQqahdgiFon4Xi2KesMgEc81KlkPQ6o004XvIQQdprtsJtz8EPA?ak=data+science&l=,— Remote,"Analyst, Operational Performance Analytics"
296,Instacart,"Estimated: $36,000 - $53,000 a year",/jobsearch/viewjob/X6-Nk94PFpae0ea7qm_CdRtBfa1tHKZF2wV9QEd0oDrohvYXHVqMOw?ak=data+science&l=,"— Toronto, ON",Machine Learning - Ph.D. Internship
297,Sunnyfuture Group,"$60,000 a year",/jobsearch/viewjob/SYp7I5kAC7BBZ4Pflf4EDpKmRW30rVlezAfdv3TxUqmR21GbfzmlCw?ak=data+science&l=,"— Ottawa, ON",Data Analyst/Financial Analyst
298,Mistplay,"Estimated: $61,000 - $85,000 a year",/jobsearch/viewjob/-Hn7Uaq4ljf3bXbE85c1zpsVurr5c6Rx2JSPxB1RUYs95okL_SM7iw?ak=data+science&l=,"— Montréal, QC",Data Scientist
299,PERITUS.AI,"Estimated: $58,000 - $78,000 a year",/jobsearch/viewjob/1OH3j5mLJh-8MgZ4A8Y_CRDmUU4IeeRmZ5vEIZ_C9aWQlSsPnvw_PA?ak=data+science&l=,"— Montréal, QC",Data Scientist
300,AbCellera Biologics,"Estimated: $50,000 - $70,000 a year",/jobsearch/viewjob/flZOA_MZDXSR80mPiS8OQTsEM5rBZVyY1qDodKSgKEmmq1TWEdZJnA?ak=data+science&l=,"— Vancouver, BC",Data Scientist
301,ASSURANCE,"Estimated: $85,000 - $120,000 a year",/jobsearch/viewjob/ZAhvLfhZW48zk9ue-YlJsrlu-Cs-rfXQlKIKiM84oqT0mK5XwOQJgw?ak=data+science&l=,"— Toronto, ON",Machine Learning Engineer
302,Shaw Communications,"Estimated: $69,000 - $98,000 a year",/jobsearch/viewjob/G5HvhBUTG5-eZ6Pmau-3Nj0VvE5Sy_pQzziGLKZEcwCFgwdXQZip9A?ak=data+science&l=,"— Calgary, AB",Senior Data Analyst
303,CPP Investments,"Estimated: $97,000 - $130,000 a year",/jobsearch/viewjob/sg9QKdxXMjf9oALLAj40zwbCgJ1zE6mb6Kul2d4eNhRh2V2AJWgsFg?ak=data+science&l=,"— Toronto, ON","Lead, Data Architect (Big Data)"
304,Softvision,"Estimated: $77,000 - $95,000 a year",/jobsearch/viewjob/ZK2JHUJ6bCZC55tDFY_FR5ftCy_V4Q2OaY4gF9z9yjOVH--KneRjGw?ak=data+science&l=,"— Vancouver, BC",Data Scientist
305,Arrow Designs,"Estimated: $74,000 - $95,000 a year",/jobsearch/viewjob/Vl44c2Vu_Qfeh494105kSI-j5F_CKLudRyGPufiHsEmjE0Jfx_NjFw?ak=data+science&l=,"— Vancouver, BC",Data Scientist
306,David Aplin Group,"Estimated: $77,000 - $100,000 a year",/jobsearch/viewjob/bc2YEl3Cbooq0cTxJpRe6lgGJz7vPKPt8NZ0opMl_ZsS8oV1rZN8_Q?ak=data+science&l=,"— Winnipeg, MB",Machine Learning Specialist
307,Canadian National Railway,"Estimated: $79,000 - $110,000 a year",/jobsearch/viewjob/plIQotE3EJm_O4Xd_Gp0uWGPrDHmgC0n4dGSoV1-noGCjq_8dZa8aQ?ak=data+science&l=,"— Montréal, QC","Specialist Software Development, Machine Learning and Visual Analytics"
308,Client Of Emergitel,"Estimated: $58,000 - $83,000 a year",/jobsearch/viewjob/I4gBruu5mXbRbfQZtTvh6-7nL9hdG0mkLNKB3rln60wRXXSNPzwmig?ak=data+science&l=,"— Montréal, QC",Data Analyst (SQL/Python/AI)
309,BTA Design Services,"Estimated: $69,000 - $89,000 a year",/jobsearch/viewjob/Jnik2tK2Z2KONNrUVYO4M1ZCHXrGpZOvcHZ9We2KjPzW9l-jQsM2jw?ak=data+science&l=,"— Ottawa, ON","Embedded Software Designer: Machine Learning, Computer Vision, ADAS"
310,Softvision - North America,"Estimated: $78,000 - $100,000 a year",/jobsearch/viewjob/6mTO7dJWpLUEmCE09Z336202QKj_bxO1xUpTtaOCsJ-abee9kE9egQ?ak=data+science&l=,"— Vancouver, BC",Data Scientist
311,Sunnyfuture Group,"$60,000 a year",/jobsearch/viewjob/T2CdKm8RDKx_AjFvkEk2uJVQVavDMR7_p_NxydWSZZpACC9uG2R9tA?ak=data+science&l=,"— Halifax, NS",Data Analyst/Financial Analyst
312,Primate Labs,"Estimated: $60,000 - $87,000 a year",/jobsearch/viewjob/1lplwo23z4DoVeJ3gtJ1Tg3LriaHYSA4WIAmsoEIOSftTYWbENDKdA?ak=data+science&l=,"— Toronto, ON",Machine Learning Software Developer
313,Guavus,"Estimated: $67,000 - $91,000 a year",/jobsearch/viewjob/4cBFP5ynEf9sOmqHLUCknL9DQosFRgrUNfmxrFMT30k1lEqbad0mcg?ak=data+science&l=,"— Montréal, QC",Data Scientist Intern
314,Wavo,"Estimated: $74,000 - $99,000 a year",/jobsearch/viewjob/b2dp87dr3L-5TFQ-HNSIflYTdsJLLePC05TXs9PSjJk8Lsh6nYC3XQ?ak=data+science&l=,— Remote,Machine Learning Engineer - MIP
315,AlphaLayer,"Estimated: $83,000 - $110,000 a year",/jobsearch/viewjob/PNtVkA8LJGxxthIaNu1ybroiWREoPRuTp4cOcDylGTrY3V4Am3FCBw?ak=data+science&l=,"— Edmonton, AB",Data Science Team Lead
316,RBC,"Estimated: $69,000 - $100,000 a year",/jobsearch/viewjob/wb_TtqNLhlLfA7SKDmwX121UTK8b4lTQsE1tKhrJlhfLVfHUZb-BSA?ak=data+science&l=,"— Toronto, ON","Manager, Audit Data Analytics"
317,Skycope Technologies Inc,"$80,000 - $120,000 a year",/jobsearch/viewjob/Qvt8X8H03KkA1F9-ndD6F5yeg0t1hrFY-iIZ4wfNniFQWs0uHdZAyA?ak=data+science&l=,"— Vancouver, BC",Machine Learning Engineer
318,The Home Depot,"$80,000 - $120,000 a year",/jobsearch/viewjob/_I-d-dlmsM3M2Y8ILQA9d0sA8QnJ6BoXPF4zfdDh0TmOyA0S0IfRTw?ak=data+science&l=,,"Business Analyst, Visual Strategy and Analytics – VOSM"
319,Compugen Inc,"Estimated: $86,000 - $120,000 a year",/jobsearch/viewjob/YHt-mR0wGQRS6a0pyrT3Ov-S1onNHkaHfo0NU3zzBVlScOnkNVsY6w?ak=data+science&l=,"— Calgary, AB",Advanced Support Specialist
320,Axiom Real-Time Metrics,"Estimated: $47,000 - $67,000 a year",/jobsearch/viewjob/yDBk_HtG0EllSk9WJP__gtqAUTfDpJQSKvQoPP_waVs5-m4JWhTk7Q?ak=data+science&l=,"— Toronto, ON",Bio-statistician - Toronto
321,Benevity,"Estimated: $120,000 - $160,000 a year",/jobsearch/viewjob/F0BAKY7L8wQ4b-FDCxzaLDu7la8t7ZqP2r7TzaHVE-MmP8s2ZPrnAw?ak=data+science&l=,"— Toronto, ON","VP, Analytics & Insights"
322,Aviva,"Estimated: $80,000 - $110,000 a year",/jobsearch/viewjob/CypPD_XgxyCTIwtTUXyraQK8qMLIL8zJvi1NQgcAKJh0AZlUukuuIg?ak=data+science&l=,"— Markham, ON",Machine Learning Engineer
323,Teknobuilt,"Estimated: $80,000 - $110,000 a year",/jobsearch/viewjob/eY-4FfAPaS7GB2MYxxHu2EkOSaSNKkvMVh7urv4qrKaFrwsVblFw1A?ak=data+science&l=,,Data Scientist - Edmonton AB
324,Cineplex Digital Media,"Estimated: $64,000 - $95,000 a year",/jobsearch/viewjob/0wXTJWkHQI-dZMpUqPeSZSySin6cuYOqmBpZsybAKByX1xC_6tDuWA?ak=data+science&l=,"— Waterloo, ON",Senior Data Scientist - CDM
325,Credit Sesame,"Estimated: $77,000 - $97,000 a year",/jobsearch/viewjob/MZCUFt-X82YyyPwa8RKOYYUyhYDp1XqmP-xswEQ-hmOSxNylYzc-Kw?ak=data+science&l=,"— Toronto, ON","Senior Data Analyst, Operations and Fraud"
326,TandemLaunch,"Estimated: $76,000 - $100,000 a year",/jobsearch/viewjob/kuktf-ImFuHC-wy2F2W6NlyMiYfhlLMx3spqv3lo98h82iWGR3yAGQ?ak=data+science&l=,"— Montréal, QC",Remote Signal Processing/Machine Learning Engineer
327,Bus.com,"Estimated: $70,000 - $99,000 a year",/jobsearch/viewjob/bJbJrCsD2xSANF8_f0vPhjlafaDhEZK5RiD0cPMxdaVHXxclvNqMFQ?ak=data+science&l=,"— Montréal, QC",Data Scientist
328,MSi Corp (Bell Canada),$60 - $70 an hour,/jobsearch/viewjob/Yi7SimEbFtYXKJ0ZD-HyRARfaQnqAWgUvqWuytjNEmnMAmQmDVwm_Q?ak=data+science&l=,"— Toronto, ON",Senior BI Manager
329,Deloitte,"Estimated: $79,000 - $100,000 a year",/jobsearch/viewjob/tzUIvI08g-HwzNlfx8eRDACMb4DbZEzqv8IPMCdqp8pZ9SPwaE4IDw?ak=data+science&l=,"— Toronto, ON","Manager, Data Governance(Advisory), Omnia AI Toronto"
330,Katalyst Data Management,"Estimated: $70,000 - $89,000 a year",/jobsearch/viewjob/8umGb4t2nsNSAujA43xve30A81lj-8KSZwnYl7R6N3a6VaGUde-09g?ak=data+science&l=,— Canada,Machine Learning Engineer – OCR
331,Tangentia,"Estimated: $89,000 - $120,000 a year",/jobsearch/viewjob/B5MekcvRGyDBBaIu_jorSSJtEpvLiV2o71aZdlvt0DcjaVqb5WmIJg?ak=data+science&l=,"— Toronto, ON",Business Analyst - RPA & AI
332,AlayaCare,"Estimated: $76,000 - $100,000 a year",/jobsearch/viewjob/QOC2sDwxoFwO_eqAGpYsdvAfhEKxtX1ZnEDKq7sGnsAjkAMQpns14w?ak=data+science&l=,"— Montréal, QC",Data Scientist
333,David Aplin Group,"Estimated: $77,000 - $100,000 a year",/jobsearch/viewjob/bc2YEl3Cbooq0cTxJpRe6lgGJz7vPKPt8NZ0opMl_ZsS8oV1rZN8_Q?ak=data+science&l=,"— Winnipeg, MB",Machine Learning Specialist
334,Canadian National Railway,"Estimated: $79,000 - $110,000 a year",/jobsearch/viewjob/plIQotE3EJm_O4Xd_Gp0uWGPrDHmgC0n4dGSoV1-noGCjq_8dZa8aQ?ak=data+science&l=,"— Montréal, QC","Specialist Software Development, Machine Learning and Visual Analytics"
335,Client Of Emergitel,"Estimated: $58,000 - $83,000 a year",/jobsearch/viewjob/I4gBruu5mXbRbfQZtTvh6-7nL9hdG0mkLNKB3rln60wRXXSNPzwmig?ak=data+science&l=,"— Montréal, QC",Data Analyst (SQL/Python/AI)
336,BTA Design Services,"Estimated: $69,000 - $89,000 a year",/jobsearch/viewjob/Jnik2tK2Z2KONNrUVYO4M1ZCHXrGpZOvcHZ9We2KjPzW9l-jQsM2jw?ak=data+science&l=,"— Ottawa, ON","Embedded Software Designer: Machine Learning, Computer Vision, ADAS"
337,Celestica,"Estimated: $73,000 - $100,000 a year",/jobsearch/viewjob/1Nie7hxCQOmRiREJ3In6gQHcebUoPWY0MsGozhDFB6Z4lR-_kOmrtA?ak=data+science&l=,"— Toronto, ON","Student Intern, Data Analyst & Quote Controller"
338,CAE Inc.,"Estimated: $73,000 - $100,000 a year",/jobsearch/viewjob/p8Ba8b4UHTuVrjZAuvZptajBjR9XUPgpePj3CXhsSzHh2qELBScxSA?ak=data+science&l=,,Scientifique des données / Data Scientist
339,Hired Recruiters,"Estimated: $64,000 - $88,000 a year",/jobsearch/viewjob/_ODk8qPWPONKwdL-b7X2wWPJ9BWPqL_bSdi04tjJr_NaLX3Z6X2ovQ?ak=data+science&l=,"— Toronto, ON",Machine Learning Engineer - Content Signals
340,Pinterest,"Estimated: $65,000 - $82,000 a year",/jobsearch/viewjob/6_inZ0jcptgQUig6p5Qq4Ow8Lg_FDcfzM2aoe4lTEgj-ieCZ21b2vg?ak=data+science&l=,"— Toronto, ON","Machine Learning Engineer, Content Signals"
341,Boast Capital,"Estimated: $89,000 - $120,000 a year",/jobsearch/viewjob/hPGMTYgHWnuNjvk4xtWRvoD7CMfV2TCU2tMmBYYGVuAoPZHoFq9o-w?ak=data+science&l=,"— Toronto, ON",Software Engineer – AI/Machine Learning
342,Stradigi AI,"Estimated: $67,000 - $92,000 a year",/jobsearch/viewjob/l85GJ-BuB3qsoH0NDB-v-p4VU2Mq3CMA-NipBRvDzGxnqPF4rg23-Q?ak=data+science&l=,"— Montréal, QC",Data Scientist
343,Brain Finance,"Estimated: $55,000 - $77,000 a year",/jobsearch/viewjob/eUKLsnsKX9wF9aLpJrjRx-xpuTSaAwxqonEXRMb5rk5KK_21Gx58jQ?ak=data+science&l=,"— Montréal, QC",Data Scientist
344,Skycope Technologies Inc,"$80,000 - $120,000 a year",/jobsearch/viewjob/Qvt8X8H03KkA1F9-ndD6F5yeg0t1hrFY-iIZ4wfNniFQWs0uHdZAyA?ak=data+science&l=,"— Vancouver, BC",Machine Learning Engineer
345,The Home Depot,"$80,000 - $120,000 a year",/jobsearch/viewjob/_I-d-dlmsM3M2Y8ILQA9d0sA8QnJ6BoXPF4zfdDh0TmOyA0S0IfRTw?ak=data+science&l=,,"Business Analyst, Visual Strategy and Analytics – VOSM"
346,Compugen Inc,"Estimated: $86,000 - $120,000 a year",/jobsearch/viewjob/YHt-mR0wGQRS6a0pyrT3Ov-S1onNHkaHfo0NU3zzBVlScOnkNVsY6w?ak=data+science&l=,"— Calgary, AB",Advanced Support Specialist
347,Prodigy Game,"Estimated: $58,000 - $83,000 a year",/jobsearch/viewjob/PSAS14yUFQckaeW0pS_t7948RZyfOWjNlDgQSEmXmcz8mFfXtMJRow?ak=data+science&l=,"— Oakville, ON","Applied Scientist, Revenue & Modelling"
348,QQuote,"$40,000 - $50,000 a year",/jobsearch/viewjob/_mQFzrQmD-_9WQoa0R3okWxlZKVKceA62CnN0BuSDY87S7j0U2Q1oA?ak=data+science&l=,"— Kingston, ON",Automotive Software Data Analyst / Tester
349,Geotab,"Estimated: $81,000 - $110,000 a year",/jobsearch/viewjob/jKYQR_9Bo47ps0SF-SZScJfiIztkw3uLtamTIk4wImUCk8E6Yh9zgQ?ak=data+science&l=,"— Oakville, ON",Senior Data Scientist
350,PRA Health Sciences,"Estimated: $76,000 - $110,000 a year",/jobsearch/viewjob/jxNqlcFiT2WEvRgd3eAjMb7uIkPFuD7kj9F7xd9yS952Jo1qtAfLCg?ak=data+science&l=,— Remote,Principal Statistical Programmer
351,Replicon,"Estimated: $78,000 - $100,000 a year",/jobsearch/viewjob/7l7Dn-4_CvoVvbmc3Z6QBpTW8EgZpSM3X2wxKAhQawgnU7BfF_mQPg?ak=data+science&l=,"— Calgary, AB",Data Scientist
352,Saskatchewan Polytechnic,"Estimated: $62,000 - $86,000 a year",/jobsearch/viewjob/zL1jAJ3lR8Ua2sSebHCJfEQ6Loo5LqfK4wgLxj9gmWV9qvbfBePQzg?ak=data+science&l=,"— Saskatoon, SK",Artificial Intelligence and Data Analytics post graduate instructor
353,Cerebri AI,"Estimated: $81,000 - $110,000 a year",/jobsearch/viewjob/q7Uj20nxOsWhf1MKMABOa29u7QNo5MM1onuni3cEYTcN4d7fXMdXaQ?ak=data+science&l=,"— Toronto, ON",AI Engineer
354,Intact,"Estimated: $81,000 - $110,000 a year",/jobsearch/viewjob/Hn_Q6aXDbTgZOrlsgWtSHUcdvN2Tp5VaLVMtDdklcFc-9uQdzGdqzg?ak=data+science&l=,,"Senior Data Scientist, Intact Lab"
355,Digital Extremes,"Estimated: $80,000 - $100,000 a year",/jobsearch/viewjob/dwgydLAFy7WYDhTgMbv34VAsMVqkEn10ffGBu6iu2RsnvYpWWCGrdg?ak=data+science&l=,"— London, ON",Senior Data Scientist
356,Sterling Life Sciences,"Estimated: $53,000 - $70,000 a year",/jobsearch/viewjob/udDLjewGxH8Hy5Ci6Y0uqcNI9srfAaAf4ZUtX_WMiPPDql33GlBt8A?ak=data+science&l=,"— Markham, ON",Statistical Programmer
357,Zesty.ai,"Estimated: $71,000 - $92,000 a year",/jobsearch/viewjob/Pz3w7UzM_E-A1EopTqU75_JL5JBSRHTSYV7utmkuc5YJB-g1bJ1x4w?ak=data+science&l=,"— Montréal, QC",Data Scientist
358,AdGear,"Estimated: $69,000 - $95,000 a year",/jobsearch/viewjob/yRFd3k--2-hdN43dkvDqMPclR8EHD61PSXdvJ7bN66EoOzucb0UNiA?ak=data+science&l=,"— Montréal, QC",Data Scientist
359,Neon,"Estimated: $58,000 - $76,000 a year",/jobsearch/viewjob/Q1m4fIN3D5fDN6V5XrV8mBdDv5SZttaAu31TGThwX-q5VgOGMWRrZQ?ak=data+science&l=,"— Vancouver, BC",Data Scientist
360,David Aplin Group,"Estimated: $77,000 - $100,000 a year",/jobsearch/viewjob/bc2YEl3Cbooq0cTxJpRe6lgGJz7vPKPt8NZ0opMl_ZsS8oV1rZN8_Q?ak=data+science&l=,"— Winnipeg, MB",Machine Learning Specialist
361,Canadian National Railway,"Estimated: $79,000 - $110,000 a year",/jobsearch/viewjob/plIQotE3EJm_O4Xd_Gp0uWGPrDHmgC0n4dGSoV1-noGCjq_8dZa8aQ?ak=data+science&l=,"— Montréal, QC","Specialist Software Development, Machine Learning and Visual Analytics"
362,Client Of Emergitel,"Estimated: $58,000 - $83,000 a year",/jobsearch/viewjob/I4gBruu5mXbRbfQZtTvh6-7nL9hdG0mkLNKB3rln60wRXXSNPzwmig?ak=data+science&l=,"— Montréal, QC",Data Analyst (SQL/Python/AI)
363,BTA Design Services,"Estimated: $69,000 - $89,000 a year",/jobsearch/viewjob/Jnik2tK2Z2KONNrUVYO4M1ZCHXrGpZOvcHZ9We2KjPzW9l-jQsM2jw?ak=data+science&l=,"— Ottawa, ON","Embedded Software Designer: Machine Learning, Computer Vision, ADAS"
364,"AMZN CAN Fulfillment Svcs, ULC","Estimated: $69,000 - $89,000 a year",/jobsearch/viewjob/yy1OSJj2-CsetysKEPqMtkJ7KPA1uyto_C3d5N-7lj5_ANmvwy2B1A?ak=data+science&l=,,Applied Scientist
365,Altus Group,"Estimated: $74,000 - $100,000 a year",/jobsearch/viewjob/y91DRXIkjNAw0CbbqYCxe-1HHPVS8nO8JTxG0XVErgqVoqqH4ikD5g?ak=data+science&l=,"— Toronto, ON",Business Intelligence Specialist (1-year Contract)
366,Scribendi,"Estimated: $68,000 - $90,000 a year",/jobsearch/viewjob/Eh1yD6GTHJMEiQGwjXxuDcOt-uiJUzdtfPWM1noT791wd9p4k6Ti1A?ak=data+science&l=,"— Chatham-Kent, ON",Machine Learning Engineer
367,Prodigy Game,"Estimated: $53,000 - $66,000 a year",/jobsearch/viewjob/x25HEPcN5AflcLWRjGj1yDd7crhRLBuzjPMSG8PJzWZgaBt-4KWglA?ak=data+science&l=,"— Oakville, ON","Data Scientist, Game"
368,IBM,"Estimated: $62,000 - $88,000 a year",/jobsearch/viewjob/8_JfsQTcEGI7NOFUGQJ4IjF3Nc3xnYThlriAn4DvPymBmUhe0neZ1g?ak=data+science&l=,"— Calgary, AB",Machine Learning Developer Intern (4 months)
369,Ubisoft,"Estimated: $78,000 - $110,000 a year",/jobsearch/viewjob/7pH8-jtm6oUXLfvGdTYTL8fTXAEomvxAWaXc5JvWjla6OQKlY4fL3g?ak=data+science&l=,"— Montréal, QC",BI / Big Data Developer
370,ThinkRF Corp,"Estimated: $77,000 - $100,000 a year",/jobsearch/viewjob/KPIc6IcIRRcilQaH_USyRHgyPASBanOhjPeoQm7kvP-2g46fngjPLQ?ak=data+science&l=,"— Ottawa, ON",Machine Learning Programmer
371,Skycope Technologies Inc,"$80,000 - $120,000 a year",/jobsearch/viewjob/Qvt8X8H03KkA1F9-ndD6F5yeg0t1hrFY-iIZ4wfNniFQWs0uHdZAyA?ak=data+science&l=,"— Vancouver, BC",Machine Learning Engineer
372,The Home Depot,"$80,000 - $120,000 a year",/jobsearch/viewjob/_I-d-dlmsM3M2Y8ILQA9d0sA8QnJ6BoXPF4zfdDh0TmOyA0S0IfRTw?ak=data+science&l=,,"Business Analyst, Visual Strategy and Analytics – VOSM"
373,Compugen Inc,"Estimated: $86,000 - $120,000 a year",/jobsearch/viewjob/YHt-mR0wGQRS6a0pyrT3Ov-S1onNHkaHfo0NU3zzBVlScOnkNVsY6w?ak=data+science&l=,"— Calgary, AB",Advanced Support Specialist
374,Lumentum Operations LLC,"Estimated: $56,000 - $82,000 a year",/jobsearch/viewjob/Fgt7EJDlTHyAefzANDQhXz4KVKV7JXsIwP0XviMOcFzHZEGUxiXkKQ?ak=data+science&l=,"— Ottawa, ON",Intermediate Data Analyst-Tableau Developer
375,Pinterest,"Estimated: $66,000 - $87,000 a year",/jobsearch/viewjob/FTml7s0S-nUPVY4K3Gu9gcLCR5qxh4iajKYWMTLv0Fp6wigv-Yj_bA?ak=data+science&l=,"— Toronto, ON",PhD University Grad Machine Learning Engineer
376,McKinsey & Company,"Estimated: $68,000 - $90,000 a year",/jobsearch/viewjob/BBHTFSH0RY2f5NS6UlGteaUYKOs_NrtdZyRq3yVEEbCKm5z2nUxqdw?ak=data+science&l=,"— Montréal, QC",Data Scientist - QuantumBlack
377,Goldman Sachs,"Estimated: $76,000 - $110,000 a year",/jobsearch/viewjob/rhkm99EZohAkDbUN-WZgbns9PkPDsjJ96Hriw-hzDs3PCEwjXWNqVA?ak=data+science&l=,"— Toronto, ON",Machine Learning Engineer - Core Engineering
378,Universite Concordia,"$73,000 - $87,000 a year",/jobsearch/viewjob/UznTI0VkQBXbuqMPr5LTB5oM7KSDKubofWb_Bjt6GoCGW8bH8G_G7g?ak=data+science&l=,"— Montréal, QC",DATA ANALYST/STATISTICIAN
379,TD Bank,"$73,000 - $87,000 a year",/jobsearch/viewjob/-othLWY66qlDAIcTa-DfOgQ6ho0nFL_ZQRWT6BfcAEg3bzeZ8UjhkA?ak=data+science&l=,,Sr Machine Learning Product Engineer (Layer 6)
380,Pet Cancer Fund,"Estimated: $94,000 - $130,000 a year",/jobsearch/viewjob/XOLNXFMrgRq6tkeTxlDLIWxJyIOquRm1ETTNGzqFyWNPmuttE9zkow?ak=data+science&l=,"— Ottawa, ON","Manager, Data Analytics (Volunteer)"
381,BenchSci,"Estimated: $83,000 - $110,000 a year",/jobsearch/viewjob/qVj4Ou1BC8577I8PvkmZHAxjmTZBbXCbnZGabnytlJzjHMkSyXvOag?ak=data+science&l=,"— Toronto, ON",Analytics Engineer
382,Workday,"Estimated: $77,000 - $100,000 a year",/jobsearch/viewjob/FgfEndIaQCey3c1bwIOSEnZXG7M9crrM_4wssmPwPpFnoRMmWWKezw?ak=data+science&l=,"— Victoria, BC",Software Engineer - Machine Learning
383,IMS Group,"Estimated: $88,000 - $120,000 a year",/jobsearch/viewjob/ntFV3cU1OZojhdU6-p5mdGciqBE1ori24CxOlcEP3PDcoJgzxTjlUA?ak=data+science&l=,"— Toronto, ON",Associate Director Statistician
384,Colliers International,"Estimated: $100,000 - $140,000 a year",/jobsearch/viewjob/hChcNpyJ5ZTCKiWH9rSU5iAP3orm_MJxbRaBNCQ0V0C0DJIxgWaXmw?ak=data+science&l=,"— Toronto, ON","Senior Manager, Enterprise Data & BI"
385,Awakedata,"Estimated: $58,000 - $79,000 a year",/jobsearch/viewjob/8RVdmF711MRlarweHK5GZ1Odd5SZO6ERjACVUoE1tqBHDjv7XSaj4A?ak=data+science&l=,"— Burnaby, BC",Data Scientist
386,BC IMC,"Estimated: $68,000 - $94,000 a year",/jobsearch/viewjob/dgcCV0jbuVradLjIo47R3Sw_Gmr8QwWBhxew8poyj4whATYC6aeHjg?ak=data+science&l=,"— Victoria, BC",Senior Data Scientist
387,David Aplin Group,"Estimated: $77,000 - $100,000 a year",/jobsearch/viewjob/bc2YEl3Cbooq0cTxJpRe6lgGJz7vPKPt8NZ0opMl_ZsS8oV1rZN8_Q?ak=data+science&l=,"— Winnipeg, MB",Machine Learning Specialist
